2014-11-17,30174,28894,2015-03-27,29354,8580,2014-01-13,37358,21156,2014-11-17,129244,170880,2014-09-18,168,70,2014-06-16,12502,14064,2015-03-30,45632,15428,2014-05-16,22842,12634,2015-03-02,4520,2102,2015-02-05,25750,22186,2015-04-07,9186,7308,2014-06-23,9840,5958,2015-01-26,1012,2018,2015-03-04,10570,4210,2014-12-12,452,988,2015-02-20,59836,41546,2014-03-06,74262,46804,2014-02-13,207026,78300
2014-11-14,8150,2046,2015-03-26,3352,664,2014-01-10,156,306,2014-11-14,214082,104760,2014-09-17,1846,82,2014-06-13,1418,62,2015-03-27,11786,678,2014-05-15,33658,27156,2015-02-27,250,7292,2015-02-04,28,10,2015-04-06,4184,2952,2014-06-20,2480,8956,2015-01-23,128,0,2015-03-03,1238,1324,2014-12-11,756,476,2015-02-19,5934,2710,2014-03-05,56628,41188,2014-02-12,9736,6134
2014-11-13,2988,12932,2015-03-25,1080,666,2014-01-09,298,106,2014-11-13,35708,24750,2014-09-16,444,172,2014-06-12,1066,74,2015-03-26,256,558,2014-05-14,40606,27580,2015-02-26,66,110,2015-02-03,2,0,2015-04-02,6214,2178,2014-06-19,3412,1822,2015-01-22,8214,116,2015-03-02,5788,4846,2014-12-10,878,1582,2015-02-18,11858,9240,2014-03-04,14098,12876,2014-02-11,24544,9926
2014-11-12,3670,3788,2015-03-24,1674,108,2014-01-08,488,160,2014-11-12,8516,5780,2014-09-15,874,60,2014-06-11,126,72,2015-03-25,138,54,2014-05-13,93080,57882,2015-02-25,1208,566,2015-02-02,8,152,2015-04-01,8012,114,2014-06-18,10282,6138,2015-01-21,122,2,2015-02-27,14660,6458,2014-12-09,1232,800,2015-02-17,6030,1610,2014-03-03,51856,5964,2014-02-10,10896,9038
2014-11-11,4672,4164,2015-03-23,3792,392,2014-01-07,216,390,2014-11-11,5046,4524,2014-09-12,382,104,2014-06-10,140,206,2015-03-24,472,422,2014-05-12,6838,19626,2015-02-24,208,19708,2015-01-30,36,0,2015-03-31,1158,82,2014-06-17,9886,7306,2015-01-20,140,200,2015-02-26,10448,4992,2014-12-08,744,118,2015-02-13,19022,10754,2014-02-28,55924,4858,2014-02-07,7528,7184
2014-11-10,1426,1986,2015-03-20,1740,204,2014-01-06,172,234,2014-11-10,3706,5014,2014-09-11,366,162,2014-06-09,58,316,2015-03-23,674,28,2014-05-09,33432,26204,2015-02-23,1166,2502,2015-01-29,36,204,2015-03-30,536,236,2014-06-16,246,510,2015-01-16,204,90,2015-02-25,23734,16570,2014-12-05,3092,8400,2015-02-12,22914,11252,2014-02-27,44164,21160,2014-02-06,19402,18900
2014-11-07,6782,10600,2015-03-19,14618,546,2014-01-03,1372,28,2014-11-07,7810,3304,2014-09-10,674,2,2014-06-06,266,168,2015-03-20,1084,836,2014-05-08,38976,47688,2015-02-20,700,10394,2015-01-28,210,8,2015-03-27,4456,1100,2014-06-13,30,70,2015-01-15,194,168,2015-02-24,2530,2526,2014-12-04,524,3302,2015-02-11,936,362,2014-02-26,16898,2646,2014-02-05,6948,2430
2014-11-06,23338,4336,2015-03-18,926,356,2014-01-02,1970,494,2014-11-06,3824,8102,2014-09-09,6368,284,2014-06-05,164,86,2015-03-19,1258,84,2014-05-07,26188,20146,2015-02-19,11014,2518,2015-01-27,20,0,2015-03-26,8670,2540,2014-06-12,198,48,2015-01-14,5174,126,2015-02-23,13340,8710,2014-12-03,2166,2286,2015-02-10,3142,4682,2014-02-25,8206,5732,2014-02-04,18224,14928
2014-11-05,20334,27208,2015-03-17,104,216,2013-12-31,5812,284,2014-11-05,4528,3420,2014-09-08,380,20,2014-06-04,134,14,2015-03-18,1218,20,2014-05-06,20634,24628,2015-02-18,5382,15470,2015-01-26,110,14,2015-03-25,1844,1832,2014-06-11,2,0,2015-01-13,902,94,2015-02-20,6434,7642,2014-12-02,2560,1754,2015-02-09,6450,7126,2014-02-24,45996,18248,2014-02-03,15448,8540
2014-11-04,3840,37472,2015-03-16,3418,1322,2013-12-30,644,104,2014-11-04,17814,6800,2014-09-05,4660,2164,2014-06-03,250,354,2015-03-17,40,272,2014-05-05,19766,22144,2015-02-17,6304,11466,2015-01-23,86,0,2015-03-24,308,5774,2014-06-10,40,0,2015-01-12,6518,7558,2015-02-19,4772,4866,2014-12-01,760,6024,2015-02-06,3240,332,2014-02-21,67044,32228,2014-01-31,11028,1338
2014-11-03,1790,4866,2015-03-13,2984,1076,2013-12-27,460,160,2014-11-03,2958,3046,2014-09-04,608,580,2014-06-02,1416,20,2015-03-16,1334,136,2014-05-02,25080,26752,2015-02-13,22142,14508,2015-01-22,32,0,2015-03-23,936,1384,2014-06-09,26,2,2015-01-09,6584,5472,2015-02-18,4210,4496,2014-11-28,266,94,2015-02-05,5030,1876,2014-02-20,59078,39726,2014-01-30,14510,2152
2014-10-31,20244,2998,2015-03-12,2954,874,2013-12-26,352,72,2014-10-31,6146,4264,2014-09-03,2260,736,2014-05-30,614,378,2015-03-13,76,38,2014-05-01,43142,23974,2015-02-12,2264,3186,2015-01-21,974,6,2015-03-20,4784,3774,2014-06-06,106,0,2015-01-08,7408,6714,2015-02-17,3200,2818,2014-11-26,586,5230,2015-02-04,3780,3138,2014-02-19,62780,35752,2014-01-29,13660,5904
2014-10-30,1582,1330,2015-03-11,918,50,2013-12-24,252,34,2014-10-30,1646,2564,2014-09-02,60,586,2014-05-29,1064,72,2015-03-12,72,6,2014-04-30,1996,856,2015-02-11,4286,11744,2015-01-20,222,28,2015-03-19,280,1000,2014-06-03,20,0,2015-01-07,1524,194,2015-02-13,1050,546,2014-11-25,732,1750,2015-02-03,20632,7168,2014-02-18,27512,8102,2014-01-28,17938,3646
2014-10-29,7762,13702,2015-03-10,1038,1056,2013-12-23,5030,762,2014-10-29,2312,4692,2014-08-29,170,20,2014-05-28,1696,440,2015-03-11,214,206,2014-04-29,308,3132,2015-02-10,2680,1800,2015-01-16,478,120,2015-03-18,90,0,2014-06-02,64,52,2015-01-06,504,320,2015-02-12,1042,382,2014-11-24,1608,896,2015-02-02,4242,1646,2014-02-14,6376,3160,2014-01-27,29548,19644
2014-10-28,5694,61430,2015-03-09,3392,1578,2013-12-20,1470,220,2014-10-28,2670,2908,2014-08-28,46,150,2014-05-27,420,126,2015-03-10,270,192,2014-04-28,7104,1432,2015-02-09,512,202,2015-01-15,496,0,2015-03-17,76,50,2014-05-30,6,10,2015-01-05,136,110,2015-02-11,950,3494,2014-11-21,2428,2506,2015-01-30,3186,1014,2014-02-13,8386,2854,2014-01-24,11466,8016
2014-10-27,6508,16586,2015-03-06,1152,588,2013-12-19,1144,74,2014-10-27,11666,8996,2014-08-27,176,36,2014-05-23,362,120,2015-03-09,322,218,2014-04-25,2036,1500,2015-02-06,392,7090,2015-01-14,82,112,2015-03-16,832,2056,2014-05-29,12,0,2015-01-02,68,152,2015-02-10,532,2282,2014-11-20,1806,1600,2015-01-29,4342,1992,2014-02-12,19046,1426,2014-01-23,8566,1860
2014-10-24,2254,792,2015-03-05,7216,848,2013-12-18,356,450,2014-10-24,7384,5294,2014-08-26,538,92,2014-05-22,758,0,2015-03-06,1056,82,2014-04-24,1284,1288,2015-02-05,1194,3612,2015-01-13,94,6,2015-03-13,88,60,2014-05-28,128,0,2014-12-31,624,0,2015-02-09,444,528,2014-11-19,8402,6420,2015-01-28,1328,126,2014-02-11,15070,2478,2014-01-22,10000,4864
2014-10-23,1162,634,2015-03-04,5398,208,2013-12-17,218,452,2014-10-23,6908,2426,2014-08-25,152,38,2014-05-21,674,110,2015-03-05,350,58,2014-04-23,8018,730,2015-02-04,366,1930,2015-01-12,14,0,2015-03-12,292,500,2014-05-27,94,0,2014-12-30,78,14,2015-02-06,1368,244,2014-11-18,7946,12222,2015-01-27,878,628,2014-02-10,45032,2726,2014-01-21,10682,3452
2014-10-22,9844,3702,2015-03-03,5252,2554,2013-12-16,950,88,2014-10-22,6144,4046,2014-08-22,1168,296,2014-05-20,382,322,2015-03-04,84,136,2014-04-22,3704,2712,2015-02-03,40788,318,2015-01-09,26,4,2015-03-10,572,78,2014-05-23,2,0,2014-12-29,2,2,2015-02-05,830,1292,2014-11-17,3440,2488,2015-01-26,1888,888,2014-02-07,44558,1948,2014-01-17,12524,7176
2014-10-21,2260,2376,2015-03-02,6134,1164,2013-12-13,514,36,2014-10-21,13716,14486,2014-08-21,846,26,2014-05-19,3430,226,2015-03-03,360,260,2014-04-21,2796,6130,2015-02-02,984,276,2015-01-08,26,8,2015-03-09,8,16,2014-05-21,10,20,2014-12-26,128,8,2015-02-04,2560,2698,2014-11-14,324,4414,2015-01-23,1230,1158,2014-02-06,8014,576,2014-01-16,31442,9482
2014-10-20,3418,7128,2015-02-27,3030,2076,2013-12-12,12342,2572,2014-10-20,13450,5530,2014-08-20,892,20,2014-05-16,212,502,2015-03-02,3792,160,2014-04-17,17720,5760,2015-01-30,2022,1324,2015-01-07,10,0,2015-03-06,2,102,2014-05-20,106,82,2014-12-24,44,0,2015-02-03,1736,2778,2014-11-13,2142,356,2015-01-22,344,424,2014-02-05,690,116,2014-01-15,44968,22538
2014-10-17,7542,5306,2015-02-26,494,50,2013-12-11,11108,5264,2014-10-17,16406,16336,2014-08-19,676,260,2014-05-15,244,208,2015-02-27,534,2276,2014-04-16,5746,760,2015-01-29,4114,3232,2015-01-06,2,20,2015-03-05,146,124,2014-05-19,140,28,2014-12-23,532,100,2015-02-02,2032,2438,2014-11-12,204,424,2015-01-21,6072,492,2014-02-04,2288,2218,2014-01-14,80086,22178
2014-10-16,3002,46190,2015-02-25,366,570,2013-12-10,14796,5402,2014-10-16,19500,12570,2014-08-18,2442,242,2014-05-14,538,44,2015-02-26,3242,1952,2014-04-15,7892,12788,2015-01-28,18758,16702,2015-01-05,24,6,2015-03-04,60,72,2014-05-16,260,44,2014-12-22,354,302,2015-01-30,1924,1148,2014-11-11,254,1608,2015-01-20,5188,3106,2014-02-03,1722,4302,2014-01-13,15630,11632
2014-10-15,1510,5190,2015-02-24,5896,3470,2013-12-09,4542,2016,2014-10-15,22868,20934,2014-08-15,4924,804,2014-05-13,88,310,2015-02-25,8794,7852,2014-04-14,5186,16836,2015-01-27,7608,4658,2015-01-02,44,20,2015-03-03,34,1730,2014-05-15,352,0,2014-12-19,380,0,2015-01-29,1300,1822,2014-11-10,226,582,2015-01-16,2324,5952,2014-01-31,5788,962,2014-01-10,13126,3738
2014-10-14,6590,2320,2015-02-23,658,1160,2013-12-06,376,102,2014-10-14,11714,8000,2014-08-14,896,12,2014-05-12,186,238,2015-02-24,212,326,2014-04-11,15254,2852,2015-01-26,3954,4166,2014-12-31,346,30,2015-03-02,8,58,2014-05-13,20,36,2014-12-18,274,42,2015-01-28,6856,788,2014-11-07,7556,1068,2015-01-15,1304,4206,2014-01-30,1808,1140,2014-01-09,3758,5078
2014-10-13,7336,2800,2015-02-20,2920,890,2013-12-05,88,0,2014-10-13,9584,7230,2014-08-13,294,268,2014-05-09,168,244,2015-02-23,48,604,2014-04-10,1526,2456,2015-01-23,250,3784,2014-12-30,26,0,2015-02-27,34,790,2014-05-12,22,54,2014-12-17,128,0,2015-01-27,10652,4874,2014-11-06,468,676,2015-01-14,884,728,2014-01-29,250,274,2014-01-08,17476,18262
2014-10-10,11710,6722,2015-02-19,722,132,2013-12-04,118,50,2014-10-10,25200,9644,2014-08-12,994,814,2014-05-08,158,72,2015-02-20,216,6,2014-04-09,412,1014,2015-01-22,2564,2718,2014-12-29,88,24,2015-02-26,158,50,2014-05-08,66,32,2014-12-16,40992,16410,2015-01-26,5866,1108,2014-11-05,1092,472,2015-01-13,3444,1056,2014-01-28,3190,434,2014-01-07,7944,5806
2014-10-09,6538,15540,2015-02-18,2412,466,2013-12-03,766,88,2014-10-09,12710,7290,2014-08-11,940,540,2014-05-07,188,926,2015-02-19,122,456,2014-04-08,1920,5012,2015-01-21,1346,2812,2014-12-26,18,8,2015-02-25,88,438,2014-05-07,82,20,2014-12-15,366,52,2015-01-23,5008,852,2014-11-04,832,530,2015-01-12,666,1446,2014-01-27,1632,590,2014-01-06,23182,9852
2014-10-08,5000,12514,2015-02-17,10672,610,2013-12-02,374,228,2014-10-08,9596,9408,2014-08-08,128,572,2014-05-06,1562,56,2015-02-18,110,92,2014-04-07,2022,3346,2015-01-20,2166,94,2014-12-23,242,4,2015-02-24,182,20,2014-05-06,2,142,2014-12-12,98,340,2015-01-22,1804,346,2014-11-03,1086,588,2015-01-09,98,262,2014-01-24,1480,302,2014-01-03,11916,8810
2014-10-07,4534,4628,2015-02-13,8298,650,2013-11-29,536,38,2014-10-07,4022,7942,2014-08-07,800,322,2014-05-05,888,1160,2015-02-17,176,472,2014-04-04,2666,1926,2015-01-16,2438,16070,2014-12-22,6,0,2015-02-23,174,16,2014-05-02,148,526,2014-12-11,172,0,2015-01-21,2348,596,2014-10-31,3602,2874,2015-01-08,1290,868,2014-01-23,1218,1146,2014-01-02,13796,4550
2014-10-06,13606,7534,2015-02-12,3648,1216,2013-11-27,448,188,2014-10-06,2098,5586,2014-08-06,1882,1302,2014-05-02,374,186,2015-02-13,148,78,2014-04-03,1522,4170,2015-01-15,2118,1916,2014-12-19,124,0,2015-02-20,146,274,2014-05-01,156,314,2014-12-10,632,0,2015-01-20,5470,678,2014-10-30,1670,1796,2015-01-07,12702,1038,2014-01-22,15010,1302,2013-12-31,23582,6184
2014-10-03,9336,2514,2015-02-11,1176,812,2013-11-26,1004,312,2014-10-03,5034,11882,2014-08-05,1526,1382,2014-05-01,198,118,2015-02-12,126,36,2014-04-02,3092,8562,2015-01-14,1440,7814,2014-12-18,66,2,2015-02-19,72,24,2014-04-30,20,94,2014-12-09,18,0,2015-01-16,2814,746,2014-10-29,10528,5290,2015-01-06,4526,3270,2014-01-21,11996,894,2013-12-30,1418,1320
2014-10-02,8868,10544,2015-02-10,1410,3168,2013-11-25,402,232,2014-10-02,8170,16262,2014-08-04,1794,2912,2014-04-30,1712,86,2015-02-11,106,1098,2014-04-01,3832,4280,2015-01-13,116,476,2014-12-17,150,24,2015-02-18,602,6624,2014-04-23,42,0,2014-12-08,120,6,2015-01-15,2480,508,2014-10-28,242,284,2015-01-05,532,1288,2014-01-17,35618,9288,2013-12-27,1500,3158
2014-10-01,17366,3704,2015-02-09,382,678,2013-11-22,660,96,2014-10-01,5232,2814,2014-08-01,230,1450,2014-04-29,268,68,2015-02-10,48,14,2014-03-31,6978,7956,2015-01-12,196,512,2014-12-15,206,4,2015-02-17,96,146,2014-04-22,40,312,2014-12-05,20,30,2015-01-14,2554,926,2014-10-27,282,3186,2015-01-02,176,44,2014-01-16,1880,1692,2013-12-26,12634,3060
2014-09-30,722,962,2015-02-06,14192,682,2013-11-21,272,126,2014-09-30,4242,2262,2014-07-31,1492,156,2014-04-28,1740,288,2015-02-09,46,232,2014-03-28,5464,8262,2015-01-09,340,70,2014-12-12,50,228,2015-02-13,104,0,2014-04-17,942,890,2014-12-04,198,32,2015-01-13,12890,3000,2014-10-24,396,66,2014-12-31,486,454,2014-01-15,6932,4018,2013-12-24,3578,3816
2014-09-29,22692,42306,2015-02-05,392,1210,2013-11-20,588,544,2014-09-29,4882,2066,2014-07-30,1374,196,2014-04-25,4840,1150,2015-02-06,120,68,2014-03-27,19916,8484,2015-01-08,1802,12366,2014-12-11,386,16,2015-02-12,196,8,2014-04-14,194,484,2014-12-03,102,54,2015-01-12,910,142,2014-10-23,936,4234,2014-12-30,98,2366,2014-01-14,1260,266,2013-12-23,3680,1570
2014-09-26,2190,24086,2015-02-04,940,1196,2013-11-19,1418,120,2014-09-26,5584,1410,2014-07-29,76,1652,2014-04-24,15242,1764,2015-02-05,88,12,2014-03-26,18190,12528,2015-01-07,3522,3444,2014-12-10,150,2,2015-02-11,2336,22,2014-04-04,4,0,2014-12-02,92,0,2015-01-09,1042,528,2014-10-22,286,118,2014-12-29,1160,1198,2014-01-13,382,1568,2013-12-20,14780,12794
2014-09-25,1356,3468,2015-02-03,3422,562,2013-11-18,964,452,2014-09-25,3778,3020,2014-07-28,18,8,2014-04-23,1284,614,2015-02-04,116,80,2014-03-25,5550,5666,2015-01-06,726,764,2014-12-09,42,82,2015-02-10,80,164,2014-04-02,4,8,2014-12-01,86,126,2015-01-08,980,124,2014-10-21,1548,200,2014-12-26,1102,330,2014-01-10,848,420,2013-12-19,23124,9652
2014-09-24,11374,21472,2015-02-02,2552,1020,2013-11-15,1270,42,2014-09-24,9938,3214,2014-07-25,680,146,2014-04-22,1624,1742,2015-02-03,30,10,2014-03-24,3602,2898,2015-01-05,392,494,2014-12-08,284,0,2015-02-09,246,70,2014-04-01,2,0,2014-11-28,58,30,2015-01-07,682,102,2014-10-20,2866,588,2014-12-24,162,156,2014-01-09,1222,1026,2013-12-18,8112,4126
2014-09-23,2824,12516,2015-01-30,2976,1154,2013-11-14,1530,136,2014-09-23,3576,7058,2014-07-24,498,46,2014-04-21,424,274,2015-02-02,40,64,2014-03-21,13280,5206,2015-01-02,444,280,2014-12-05,16,16,2015-02-06,90,160,2014-03-28,2,0,2014-11-26,472,94,2015-01-06,438,592,2014-10-17,4048,1126,2014-12-23,1482,3026,2014-01-08,742,480,2013-12-17,16096,12108
2014-09-22,2214,1850,2015-01-29,2272,1318,2013-11-13,472,140,2014-09-22,5670,11138,2014-07-23,192,178,2014-04-17,1268,288,2015-01-30,62,42,2014-03-20,4570,4398,2014-12-31,150,40,2014-12-04,4,2,2015-02-05,462,94,2014-03-27,20,0,2014-11-25,152,108,2015-01-05,830,3320,2014-10-16,976,952,2014-12-22,3740,796,2014-01-07,1982,1386,2013-12-16,29374,12350
2014-09-19,5744,2106,2015-01-28,2678,752,2013-11-12,1212,176,2014-09-19,2470,2326,2014-07-22,60,58,2014-04-16,218,172,2015-01-29,112,154,2014-03-19,7488,4520,2014-12-30,572,3860,2014-12-03,4,4,2015-02-04,758,0,2014-03-26,4,80,2014-11-24,10592,222,2015-01-02,864,106,2014-10-15,1202,900,2014-12-19,5142,10748,2014-01-06,2448,3608,2013-12-13,83620,19290
2014-09-18,652,1334,2015-01-27,3858,1820,2013-11-11,862,2,2014-09-18,1060,1340,2014-07-21,72,148,2014-04-15,242,70,2015-01-28,276,7272,2014-03-18,14940,4054,2014-12-29,186,814,2014-12-02,50,6,2015-02-03,114,1240,2014-03-25,6,0,2014-11-21,238,0,2014-12-31,1586,82,2014-10-14,726,2800,2014-12-18,14988,3544,2014-01-03,6024,3696,2013-12-12,29766,6970
2014-09-17,3708,4204,2015-01-26,4488,1198,2013-11-08,1710,544,2014-09-17,2532,2380,2014-07-18,64,20,2014-04-14,174,46,2015-01-27,126,178,2014-03-17,7346,6682,2014-12-26,4658,0,2014-12-01,42,12,2015-02-02,116,1652,2014-03-21,20,126,2014-11-20,996,0,2014-12-30,622,156,2014-10-13,902,4138,2014-12-17,4230,1140,2014-01-02,13356,1782,2013-12-11,11190,2390
2014-09-16,14942,12974,2015-01-23,8934,5446,2013-11-07,288,102,2014-09-16,4606,2988,2014-07-17,336,160,2014-04-11,470,458,2015-01-26,2562,30,2014-03-14,3734,2196,2014-12-24,36,0,2014-11-28,42,4,2015-01-30,166,160,2014-03-20,12,140,2014-11-19,1576,40,2014-12-29,272,256,2014-10-10,324,1368,2014-12-16,4808,6372,2013-12-31,1712,438,2013-12-10,15368,2438
2014-09-15,3318,9166,2015-01-22,34200,6536,2013-11-06,1140,208,2014-09-15,3620,9180,2014-07-16,228,102,2014-04-10,320,74,2015-01-23,502,50,2014-03-13,4916,712,2014-12-23,6850,6724,2014-11-26,38,12,2015-01-29,788,418,2014-03-18,50,56,2014-11-18,19364,128,2014-12-26,650,750,2014-10-09,136,1920,2014-12-15,548,278,2013-12-30,3438,2220,2013-12-09,7720,6120
2014-09-12,3828,2400,2015-01-21,1682,1072,2013-11-05,430,156,2014-09-12,12404,10486,2014-07-15,376,6246,2014-04-09,478,74,2015-01-22,480,224,2014-03-12,10570,4468,2014-12-22,296,3420,2014-11-25,52,40,2015-01-28,810,4008,2014-03-17,336,12,2014-11-17,452,48,2014-12-24,438,114,2014-10-08,1030,994,2014-12-12,172,1418,2013-12-27,442,174,2013-12-06,26776,10704
2014-09-11,3886,9040,2015-01-20,3434,976,2013-11-04,502,700,2014-09-11,24174,1438,2014-07-14,582,944,2014-04-08,184,402,2015-01-21,394,18,2014-03-11,10274,744,2014-12-19,1066,1010,2014-11-24,58,140,2015-01-27,3284,4732,2014-03-13,214,40,2014-11-14,142,0,2014-12-23,5030,1250,2014-10-07,322,222,2014-12-11,746,2782,2013-12-26,1348,310,2013-12-05,18096,22484
2014-09-10,834,2334,2015-01-16,6002,1598,2013-11-01,452,598,2014-09-10,26194,15462,2014-07-11,102,104,2014-04-07,186,232,2015-01-20,260,68,2014-03-10,2700,2658,2014-12-18,3152,58,2014-11-21,456,4,2015-01-26,1936,3184,2014-03-11,78,20,2014-11-13,278,0,2014-12-22,2002,338,2014-10-06,5120,6156,2014-12-10,226,500,2013-12-24,800,44,2013-12-04,25494,12234
2014-09-09,458,4480,2015-01-15,1820,12344,2013-10-31,1348,520,2014-09-09,3278,4490,2014-07-10,1076,190,2014-04-04,606,512,2015-01-16,7692,34,2014-03-07,16878,1806,2014-12-17,104,404,2014-11-20,50,0,2015-01-23,68,262,2014-03-07,6,28,2014-11-12,70,4,2014-12-19,1110,944,2014-10-03,886,1856,2014-12-09,374,540,2013-12-23,2746,1518,2013-12-03,16890,16626
2014-09-08,14304,9404,2015-01-14,4010,18436,2013-10-30,850,396,2014-09-08,2118,14026,2014-07-09,216,94,2014-04-03,1240,614,2015-01-15,550,306,2014-03-06,7260,6228,2014-12-16,450,8324,2014-11-19,38,0,2015-01-22,230,166,2014-03-06,38,14,2014-11-11,94,0,2014-12-18,1040,92,2014-10-02,1110,322,2014-12-08,2522,574,2013-12-20,3060,2658,2013-12-02,37192,10588
2014-09-05,2390,4242,2015-01-13,63386,1680,2013-10-29,318,324,2014-09-05,2116,5750,2014-07-08,190,288,2014-04-02,19070,60,2015-01-14,96,0,2014-03-05,8434,7246,2014-12-15,290,528,2014-11-18,158,0,2015-01-21,202,244,2014-03-04,10,128,2014-11-10,182,48,2014-12-17,834,360,2014-10-01,2598,1422,2014-12-05,178,1010,2013-12-19,474,1054,2013-11-29,12436,5140
2014-09-04,3638,3978,2015-01-12,5220,1680,2013-10-28,400,370,2014-09-04,6068,12002,2014-07-07,46,412,2014-04-01,1426,302,2015-01-13,156,140,2014-03-04,6888,4026,2014-12-12,648,25884,2014-11-17,124,0,2015-01-20,860,360,2014-03-03,34,0,2014-11-07,550,94,2014-12-16,884,342,2014-09-30,362,1798,2014-12-04,4000,2864,2013-12-18,1464,982,2013-11-27,40078,15952
2014-09-03,842,1198,2015-01-09,1620,364,2013-10-25,228,26,2014-09-03,4742,1450,2014-07-03,196,8,2014-03-31,2436,968,2015-01-12,304,1128,2014-03-03,44286,12388,2014-12-11,558,204,2014-11-13,48,138,2015-01-16,390,100,2014-02-28,50,0,2014-11-06,798,172,2014-12-15,1178,266,2014-09-29,3734,1196,2014-12-03,2560,444,2013-12-17,9120,5058,2013-11-26,44476,40132
2014-09-02,1412,2564,2015-01-08,2796,164,2013-10-24,366,272,2014-09-02,5534,9610,2014-07-02,272,72,2014-03-28,1106,774,2015-01-09,222,184,2014-02-28,9236,8644,2014-12-10,636,11492,2014-11-12,24,342,2015-01-15,36,38,2014-02-24,124,168,2014-11-05,236,8,2014-12-12,168,124,2014-09-26,622,204,2014-12-02,724,2108,2013-12-16,340940,4268,2013-11-25,102810,21550
2014-08-29,2022,1404,2015-01-07,2650,1580,2013-10-23,3236,394,2014-08-29,4876,1608,2014-07-01,530,28,2014-03-27,1678,202,2015-01-08,1554,8340,2014-02-27,2916,1344,2014-12-09,244,26,2014-11-11,54,0,2015-01-14,22,1000,2014-02-21,182,644,2014-11-04,170,968,2014-12-11,680,90,2014-09-25,930,702,2014-12-01,294,1556,2013-12-13,23278,1968,2013-11-22,131858,43848
2014-08-28,1078,1006,2015-01-06,2320,2228,2013-10-22,1604,314,2014-08-28,19732,11534,2014-06-30,118,18,2014-03-26,566,378,2015-01-07,502,9506,2014-02-26,6804,734,2014-12-08,1918,96,2014-11-10,76,42,2015-01-13,54,100,2014-02-20,110,200,2014-11-03,186,120,2014-12-10,488,502,2014-09-24,1264,356,2014-11-28,194,368,2013-12-12,424,182,2013-11-21,2650,708
2014-08-27,1182,2922,2015-01-05,1478,1420,2013-10-21,364,732,2014-08-27,1746,6388,2014-06-27,190,20,2014-03-25,866,906,2015-01-06,1512,268,2014-02-25,6880,1956,2014-12-05,5810,5600,2014-11-07,2884,42,2015-01-12,466,86,2014-02-12,18,0,2014-10-31,224,306,2014-12-09,498,704,2014-09-23,2450,798,2014-11-26,330,1920,2013-12-11,1624,1030,2013-11-20,16792,3746
2014-08-26,1536,144,2015-01-02,2180,720,2013-10-18,5764,74,2014-08-26,20876,10080,2014-06-26,428,100,2014-03-24,258,220,2015-01-05,796,640,2014-02-24,19646,6274,2014-12-04,3240,128,2014-11-06,302,76,2015-01-09,94,24,2014-02-11,50,98,2014-10-30,264,190,2014-12-08,1644,586,2014-09-22,2568,4382,2014-11-25,1298,8988,2013-12-10,6338,374,2013-11-19,4916,4032
2014-08-25,4086,3148,2014-12-31,1926,12634,2013-10-17,12048,6250,2014-08-25,1160,702,2014-06-25,816,478,2014-03-21,1582,56,2015-01-02,694,130,2014-02-21,37522,3986,2014-12-03,3346,4942,2014-11-05,34,34,2015-01-08,116,110,2014-02-10,40,20,2014-10-29,434,80,2014-12-05,622,40,2014-09-19,4254,1640,2014-11-24,1482,3368,2013-12-09,2622,986,2013-11-18,5882,7596
2014-08-22,21894,24508,2014-12-30,496,714,2013-10-16,1150,284,2014-08-22,1308,1556,2014-06-24,1028,482,2014-03-20,536,136,2014-12-31,262,68,2014-02-20,48176,12430,2014-12-02,16,32,2014-11-04,40,0,2015-01-07,1138,5178,2014-02-06,22,350,2014-10-28,1492,946,2014-12-04,298,174,2014-09-18,452,1416,2014-11-21,2480,2714,2013-12-06,5446,1276,2013-11-15,4130,2696
2014-08-21,2986,18448,2014-12-29,396,602,2013-10-15,1100,14,2014-08-21,1214,1272,2014-06-23,110,58,2014-03-19,1204,96,2014-12-30,60,32,2014-02-19,35968,26272,2014-12-01,516,400,2014-11-03,6,0,2015-01-06,82,172,2014-02-04,20,12,2014-10-27,766,488,2014-12-03,230,128,2014-09-17,1158,540,2014-11-20,1908,11050,2013-12-05,8366,12970,2013-11-14,14024,4116
2014-08-20,2022,1002,2014-12-26,326,344,2013-10-14,552,78,2014-08-20,1582,2554,2014-06-20,346,130,2014-03-18,276,46,2014-12-29,222,14,2014-02-18,25918,10776,2014-11-28,24,40,2014-10-31,34,10,2015-01-05,422,680,2014-02-03,48,272,2014-10-24,968,202,2014-12-02,1176,562,2014-09-16,1230,2426,2014-11-19,2700,848,2013-12-04,3538,962,2013-11-13,10018,966
2014-08-19,8294,14320,2014-12-24,220,338,2013-10-11,1120,82,2014-08-19,2594,7506,2014-06-19,448,424,2014-03-17,118,88,2014-12-26,56,30,2014-02-14,2766,654,2014-11-26,1630,28,2014-10-30,12,34,2015-01-02,1164,238,2014-01-31,116,640,2014-10-23,850,40,2014-12-01,410,1158,2014-09-15,1524,636,2014-11-18,6882,6220,2013-12-03,8738,566,2013-11-12,8694,3062
2014-08-18,2774,5232,2014-12-23,2082,1970,2013-10-10,2114,356,2014-08-18,4200,8136,2014-06-18,54,232,2014-03-14,328,128,2014-12-24,102,520,2014-02-13,8960,5342,2014-11-25,58,302,2014-10-29,16,0,2014-12-31,3742,1476,2014-01-30,494,380,2014-10-22,488,40,2014-11-28,1254,78,2014-09-12,1136,346,2014-11-17,1774,1696,2013-12-02,1748,1584,2013-11-11,7240,7626
2014-08-15,4476,7606,2014-12-22,1158,1284,2013-10-09,984,480,2014-08-15,4846,3132,2014-06-17,920,2144,2014-03-13,246,38,2014-12-23,492,164,2014-02-12,788,716,2014-11-24,128,114,2014-10-28,100,0,2014-12-30,102,180,2014-01-28,42,0,2014-10-21,506,944,2014-11-26,718,920,2014-09-11,340,602,2014-11-14,8328,2588,2013-11-29,822,1694,2013-11-08,1852,1426
2014-08-14,7268,15362,2014-12-19,2804,1694,2013-10-08,1782,796,2014-08-14,1776,15332,2014-06-16,934,348,2014-03-12,122,34,2014-12-22,1240,34,2014-02-11,2056,5956,2014-11-21,2246,20,2014-10-27,2,236,2014-12-29,20,106,2014-01-27,400,172,2014-10-20,146,0,2014-11-25,966,350,2014-09-10,400,168,2014-11-13,2418,7344,2013-11-27,1468,2278,2013-11-07,14742,3678
2014-08-13,3250,5462,2014-12-18,20612,1890,2013-10-07,1614,1138,2014-08-13,1206,2270,2014-06-13,228,500,2014-03-11,228,24,2014-12-19,3226,116,2014-02-10,3472,510,2014-11-20,240,28,2014-10-24,30,126,2014-12-26,186,202,2014-01-22,40,0,2014-10-17,158,38,2014-11-24,1392,252,2014-09-09,1060,534,2014-11-12,4154,980,2013-11-26,1516,3038,2013-11-06,8116,2430
2014-08-12,13158,5518,2014-12-17,7976,826,2013-10-04,8854,1098,2014-08-12,3878,628,2014-06-12,228,270,2014-03-10,88,48,2014-12-18,50,60,2014-02-07,1346,1822,2014-11-19,466,1120,2014-10-23,30,0,2014-12-24,22,152,2014-01-21,74,0,2014-10-16,168,36,2014-11-21,3772,660,2014-09-08,1632,1800,2014-11-11,5496,7110,2013-11-25,1980,828,2013-11-05,15654,2368
2014-08-11,8908,3196,2014-12-16,3180,2086,2013-10-03,3848,1782,2014-08-11,2788,1538,2014-06-11,102,112,2014-03-07,74,66,2014-12-17,246,2,2014-02-06,3310,2146,2014-11-18,2542,1090,2014-10-22,4,20,2014-12-23,2732,2494,2014-01-17,144,40,2014-10-15,1072,30,2014-11-20,2864,852,2014-09-05,1040,2258,2014-11-10,4612,7950,2013-11-22,4290,10920,2013-11-04,34056,15904
2014-08-08,5272,4380,2014-12-15,3130,1478,2013-10-02,4708,1290,2014-08-08,2834,1676,2014-06-10,84,10,2014-03-06,218,138,2014-12-16,76,128,2014-02-05,3606,622,2014-11-17,296,194,2014-10-21,6,20,2014-12-22,204,46,2014-01-16,678,262,2014-10-14,3248,1524,2014-11-19,694,226,2014-09-04,1956,350,2014-11-07,30620,25310,2013-11-21,7348,20518,2013-11-01,32540,5110
2014-08-07,1858,4432,2014-12-12,3372,13776,2013-10-01,642,220,2014-08-07,8562,2240,2014-06-09,298,12,2014-03-05,258,268,2014-12-15,258,378,2014-02-04,35334,2938,2014-11-14,218,460,2014-10-20,8,4,2014-12-19,2092,20,2014-01-15,40,98,2014-10-13,118,76,2014-11-18,1268,176,2014-09-03,1450,384,2014-11-06,3392,3394,2013-11-20,890,4814,2013-10-31,94716,3798
2014-08-06,8048,7648,2014-12-11,1896,7142,2013-09-30,1032,432,2014-08-06,2726,2248,2014-06-06,168,106,2014-03-04,1034,96,2014-12-12,90,94,2014-02-03,5260,5698,2014-11-13,110,50,2014-10-17,1280,1310,2014-12-18,262,50,2014-01-14,60,2,2014-10-10,440,452,2014-11-17,570,88,2014-09-02,2388,2148,2014-11-05,3302,1418,2013-11-19,1304,12460,2013-10-30,11646,7492
2014-08-05,8876,13198,2014-12-10,886,6772,2013-09-27,884,78,2014-08-05,3602,4192,2014-06-05,146,270,2014-03-03,202,188,2014-12-11,1864,530,2014-01-31,3430,2614,2014-11-12,162,250,2014-10-16,14,28,2014-12-17,66,126,2014-01-13,84,2,2014-10-09,660,208,2014-11-14,958,738,2014-08-29,976,1400,2014-11-04,1682,2980,2013-11-18,7202,17432,2013-10-29,12066,3368
2014-08-04,1398,8076,2014-12-09,2514,11890,2013-09-26,1504,230,2014-08-04,4694,2692,2014-06-04,162,32,2014-02-28,724,386,2014-12-10,2844,142,2014-01-30,2954,9156,2014-11-11,170,510,2014-10-15,26,28,2014-12-16,522,20,2014-01-10,20,0,2014-10-08,624,62,2014-11-13,2870,1422,2014-08-28,7004,5052,2014-11-03,1882,1120,2013-11-15,5382,2948,2013-10-28,3500,1394
2014-08-01,4156,17484,2014-12-08,3356,18518,2013-09-25,1684,10224,2014-08-01,15020,7228,2014-06-03,246,150,2014-02-27,848,430,2014-12-09,112,22,2014-01-29,9870,7044,2014-11-10,2636,2138,2014-10-14,50,6,2014-12-15,248,26,2014-01-09,2,2,2014-10-07,28,64,2014-11-12,3510,968,2014-08-27,1028,7680,2014-10-31,3242,306,2013-11-14,3040,3464,2013-10-25,564,348
2014-07-31,17782,9054,2014-12-05,1630,1930,2013-09-24,3030,568,2014-07-31,8414,4510,2014-06-02,476,104,2014-02-26,680,82,2014-12-08,50,116,2014-01-28,1102,2472,2014-11-07,130,58,2014-10-13,100,8,2014-12-12,184,2,2014-01-08,206,0,2014-10-06,316,114,2014-11-11,572,204,2014-08-26,3386,3854,2014-10-30,4792,4404,2013-11-13,3800,492,2013-10-24,826,1944
2014-07-30,4930,1742,2014-12-04,442,4452,2013-09-23,478,258,2014-07-30,6114,5252,2014-05-30,1232,294,2014-02-25,514,44,2014-12-05,144,2,2014-01-27,7352,10874,2014-11-06,42,6,2014-10-10,20,6,2014-12-11,80,98,2014-01-07,132,0,2014-10-03,1932,110,2014-11-10,906,354,2014-08-25,4118,4940,2014-10-29,1922,338,2013-11-12,20622,9446,2013-10-23,592,1300
2014-07-29,3548,1196,2014-12-03,2738,6476,2013-09-20,1500,388,2014-07-29,2328,2390,2014-05-29,570,494,2014-02-24,1158,742,2014-12-04,138,76,2014-01-24,5798,6552,2014-11-05,104,80,2014-10-08,220,2,2014-12-10,2,70,2014-01-06,6,0,2014-10-02,166,122,2014-11-07,958,714,2014-08-22,2718,15866,2014-10-28,3734,232,2013-11-11,7424,23154,2013-10-22,1158,7536
2014-07-28,310,458,2014-12-02,648,4256,2013-09-19,480,20,2014-07-28,1980,2366,2014-05-28,140,264,2014-02-21,3462,444,2014-12-03,614,8,2014-01-23,18194,10012,2014-11-04,48,2600,2014-10-07,6,0,2014-12-09,14,94,2014-01-03,4,20,2014-10-01,8478,6460,2014-11-06,4606,1242,2014-08-21,1764,1420,2014-10-27,1760,336,2013-11-08,46682,38068,2013-10-21,3644,5528
2014-07-25,4336,1594,2014-12-01,4250,2334,2013-09-18,954,110,2014-07-25,5250,19666,2014-05-27,348,82,2014-02-20,1562,202,2014-12-02,90,184,2014-01-22,2848,708,2014-11-03,4630,20032,2014-10-06,6,4,2014-12-08,166,44,2013-12-26,46,20,2014-09-30,66,20,2014-11-05,5340,3444,2014-08-20,10026,16238,2014-10-24,9936,1466,2013-11-07,2030,13338,2013-10-18,25858,5728
2014-07-24,5586,510,2014-11-28,348,760,2013-09-17,212,132,2014-07-24,2106,2674,2014-05-23,114,102,2014-02-19,1020,468,2014-12-01,220,46,2014-01-21,3704,2774,2014-10-31,7076,21012,2014-10-03,3622,574,2014-12-05,3294,10,2013-12-20,16,0,2014-09-29,254,40,2014-11-04,2306,1768,2014-08-19,10780,9846,2014-10-23,13922,624,2013-11-06,4864,32934,2013-10-17,12124,4672
2014-07-23,5082,8414,2014-11-26,832,510,2013-09-16,5578,458,2014-07-23,4396,5982,2014-05-22,354,90,2014-02-18,1174,274,2014-11-28,182,18,2014-01-17,8516,4416,2014-10-30,374,8162,2014-10-02,50,2,2014-12-04,190,26,2013-12-19,178,0,2014-09-26,172,912,2014-11-03,950,120,2014-08-18,1574,4472,2014-10-22,642,1294,2013-11-05,10930,2206,2013-10-16,16308,5582
2014-07-22,11976,31750,2014-11-25,1152,1086,2013-09-13,50,250,2014-07-22,3646,2122,2014-05-21,184,396,2014-02-14,4310,446,2014-11-26,164,8,2014-01-16,5564,4176,2014-10-29,10106,12024,2014-10-01,26,6,2014-12-03,70,150,2013-12-18,2,0,2014-09-25,52,136,2014-10-31,2724,480,2014-08-15,2906,698,2014-10-21,3040,928,2013-11-04,930,1660,2013-10-15,12858,7462
2014-07-21,9270,11574,2014-11-24,804,756,2013-09-12,186,270,2014-07-21,9636,4334,2014-05-20,244,172,2014-02-13,334,118,2014-11-25,126,40,2014-01-15,15480,4448,2014-10-28,374,10,2014-09-29,10,0,2014-12-02,58,84,2013-12-17,4,0,2014-09-24,444,466,2014-10-30,1814,366,2014-08-14,2700,3788,2014-10-20,3444,2510,2013-11-01,5660,828,2013-10-14,19460,2688
2014-07-18,15802,4866,2014-11-21,1680,524,2013-09-11,1590,170,2014-07-18,19792,14538,2014-05-19,288,112,2014-02-12,3738,264,2014-11-24,84,24,2014-01-14,18432,16076,2014-10-27,1174,2,2014-09-26,36,0,2014-12-01,2658,300,2013-12-16,24,34,2014-09-23,162,248,2014-10-29,2224,146,2014-08-13,5268,3892,2014-10-17,17748,14420,2013-10-31,1804,644,2013-10-11,7134,1904
2014-07-17,3452,4590,2014-11-20,5752,526,2013-09-10,370,22,2014-07-17,24394,12710,2014-05-16,228,482,2014-02-11,1316,138,2014-11-21,402,128,2014-01-13,6530,2096,2014-10-24,1418,3182,2014-09-25,2,12,2014-11-28,20,88,2013-12-12,2,0,2014-09-22,1806,36,2014-10-28,7136,3252,2014-08-12,2504,738,2014-10-16,6960,7728,2013-10-30,17718,3258,2013-10-10,19560,20570
2014-07-16,1936,6908,2014-11-19,6672,1036,2013-09-09,426,34,2014-07-16,30976,30406,2014-05-15,306,636,2014-02-10,470,8,2014-11-20,124,58,2014-01-10,13730,2326,2014-10-23,9742,394,2014-09-24,8,32,2014-11-25,188,20,2013-12-11,2,2,2014-09-19,1982,418,2014-10-27,926,362,2014-08-11,382,330,2014-10-15,3330,3846,2013-10-29,27422,520,2013-10-09,5502,1328
2014-07-15,1672,1900,2014-11-18,10376,1150,2013-09-06,558,180,2014-07-15,11180,14334,2014-05-14,400,906,2014-02-07,924,150,2014-11-19,172,66,2014-01-09,15544,3506,2014-10-22,264,498,2014-09-23,4,46,2014-11-24,558,292,2013-12-09,20,20,2014-09-18,6514,130,2014-10-24,2120,432,2014-08-08,1674,610,2014-10-14,4816,7324,2013-10-28,33568,6196,2013-10-08,2044,2054
2014-07-14,2790,9626,2014-11-17,502,434,2013-09-05,418,66,2014-07-14,7168,8076,2014-05-13,628,512,2014-02-06,132,72,2014-11-18,170,160,2014-01-08,1434,1708,2014-10-21,5250,326,2014-09-22,416,66,2014-11-21,58,16,2013-12-06,20,0,2014-09-17,8670,8798,2014-10-23,3232,840,2014-08-07,570,1620,2014-10-13,3768,6756,2013-10-25,4152,4764,2013-10-07,3150,3542
2014-07-11,9812,782,2014-11-14,1198,1688,2013-09-04,360,92,2014-07-11,5806,2974,2014-05-12,598,146,2014-02-05,630,1434,2014-11-17,1824,98,2014-01-07,2952,2060,2014-10-20,5192,5232,2014-09-19,268,636,2014-11-20,44,366,2013-12-05,40,0,2014-09-16,450,676,2014-10-22,372,186,2014-08-06,1028,9350,2014-10-10,9166,3834,2013-10-24,17380,6564,2013-10-04,4170,780
2014-07-10,880,644,2014-11-13,34764,958,2013-09-03,296,66,2014-07-10,3884,1738,2014-05-09,218,150,2014-02-04,824,42,2014-11-14,192,64,2014-01-06,7078,4470,2014-10-17,172,1000,2014-09-18,42,800,2014-11-19,126,114,2013-12-04,6,0,2014-09-15,9998,9170,2014-10-21,520,108,2014-08-05,1016,492,2014-10-09,10680,10414,2013-10-23,104798,34880,2013-10-03,2492,1786
2014-07-09,1434,9562,2014-11-12,832,368,2013-08-30,144,168,2014-07-09,4838,1226,2014-05-08,354,468,2014-02-03,5814,3896,2014-11-13,76,84,2014-01-03,1754,402,2014-10-16,62,28,2014-09-17,224,10,2014-11-18,292,12,2013-12-03,32,8,2014-09-12,1108,0,2014-10-20,726,808,2014-08-04,4602,662,2014-10-08,15280,12458,2013-10-22,1316,1674,2013-10-02,1370,1448
2014-07-08,1492,1314,2014-11-11,840,172,2013-08-29,562,62,2014-07-08,8740,4136,2014-05-07,2252,922,2014-01-31,116,68,2014-11-12,194,746,2014-01-02,2398,8208,2014-10-15,20,400,2014-09-16,2202,24,2014-11-17,560,186,2013-11-25,20,80,2014-09-11,504,70,2014-10-17,1000,912,2014-08-01,964,3644,2014-10-07,22502,9526,2013-10-21,11464,1450,2013-10-01,7994,2124
2014-07-07,2606,6888,2014-11-10,3334,1418,2013-08-28,354,400,2014-07-07,2384,2112,2014-05-06,164,272,2014-01-30,1646,6,2014-11-11,294,840,2013-12-31,5070,2226,2014-10-14,2,7164,2014-09-15,12,80,2014-11-14,452,114,2013-11-22,88,0,2014-09-10,72,26,2014-10-16,654,150,2014-07-31,4782,772,2014-10-06,16322,8710,2013-10-18,3412,6722,2013-09-30,9900,2672
2014-07-03,206,1478,2014-11-07,278,434,2013-08-27,142,284,2014-07-03,10960,1508,2014-05-05,298,248,2014-01-29,200,440,2014-11-10,146,232,2013-12-30,13300,730,2014-10-13,1090,10952,2014-09-12,18,2,2014-11-13,50,34,2013-11-19,36,0,2014-09-09,2792,100,2014-10-15,480,1058,2014-07-30,686,826,2014-10-03,46376,12752,2013-10-17,2128,4286,2013-09-27,15528,1496
2014-07-02,2402,4706,2014-11-06,1680,1738,2013-08-26,268,74,2014-07-02,5018,1206,2014-05-02,1006,360,2014-01-28,722,222,2014-11-07,122,3244,2013-12-27,496,310,2014-10-10,1176,2672,2014-09-11,576,200,2014-11-12,232,84,2013-11-15,2,8,2014-09-05,46,0,2014-10-14,1700,496,2014-07-29,34812,466,2014-10-02,3708,6354,2013-10-16,1766,730,2013-09-26,14078,156
2014-07-01,3226,3576,2014-11-05,4546,820,2013-08-23,150,210,2014-07-01,16364,6480,2014-05-01,1338,1392,2014-01-27,570,424,2014-11-06,348,276,2013-12-26,632,864,2014-10-09,3554,3624,2014-09-10,2,6,2014-11-11,354,562,2013-11-13,120,20,2014-09-03,14,14,2014-10-13,1002,1114,2014-07-28,1014,974,2014-10-01,1568,4718,2013-10-15,2816,3038,2013-09-25,13142,3766
2014-06-30,5650,7866,2014-11-04,2144,952,2013-08-22,364,20,2014-06-30,3452,936,2014-04-30,2798,1300,2014-01-24,5294,1592,2014-11-05,8124,96,2013-12-24,1254,416,2014-10-08,100,5770,2014-09-08,134,84,2014-11-10,22,0,2013-11-12,2,50,2014-09-02,118,104,2014-10-10,520,324,2014-07-25,740,386,2014-09-30,3408,6364,2013-10-14,2982,2548,2013-09-24,12448,1652
2014-06-27,2098,11134,2014-11-03,5232,840,2013-08-21,1792,360,2014-06-27,4136,938,2014-04-29,4976,1544,2014-01-23,5434,2818,2014-11-04,236,24,2013-12-23,2684,3178,2014-10-07,140,2742,2014-09-05,62,2044,2014-11-07,1268,102,2013-11-08,20,10,2014-08-29,172,66,2014-10-09,582,946,2014-07-24,1996,1450,2014-09-29,7802,10990,2013-10-11,21898,15208,2013-09-23,3046,1346
2014-06-26,6838,14136,2014-10-31,12786,400,2013-08-20,11340,602,2014-06-26,28308,2906,2014-04-28,3402,434,2014-01-22,686,564,2014-11-03,434,260,2013-12-20,3626,1912,2014-10-03,18,218,2014-09-04,292,8,2014-11-06,120,176,2013-11-07,20,24,2014-08-28,36,0,2014-10-08,540,310,2014-07-23,2438,3560,2014-09-26,12788,14966,2013-10-10,27004,26280,2013-09-20,21776,2730
2014-06-25,7900,1454,2014-10-30,2222,468,2013-08-19,1776,1526,2014-06-25,18314,5644,2014-04-25,424,1004,2014-01-21,2016,1484,2014-10-31,1136,350,2013-12-19,3034,6586,2014-10-02,230,2656,2014-09-03,290,286,2014-11-05,40,152,2013-11-04,50,0,2014-08-27,22,0,2014-10-07,598,308,2014-07-22,5944,6568,2014-09-25,3364,11106,2013-10-09,2996,27026,2013-09-19,4368,2088
2014-06-24,1090,1720,2014-10-29,3058,328,2013-08-16,1760,184,2014-06-24,4738,6088,2014-04-24,1406,386,2014-01-17,4068,910,2014-10-30,7348,1502,2013-12-18,10898,990,2014-10-01,204,3270,2014-09-02,54,360,2014-11-04,402,206,2013-10-28,62,0,2014-08-26,438,196,2014-10-06,1062,208,2014-07-21,1198,2194,2014-09-24,13512,20412,2013-10-08,54894,56050,2013-09-18,9654,2928
2014-06-23,6748,5708,2014-10-28,864,1068,2013-08-15,804,306,2014-06-23,3170,3550,2014-04-23,772,100,2014-01-16,2704,182,2014-10-29,3126,1228,2013-12-17,5788,1792,2014-09-30,2422,26034,2014-08-29,10,16,2014-11-03,498,66,2013-10-25,44,40,2014-08-25,230,162,2014-10-03,414,236,2014-07-18,1930,2576,2014-09-23,16342,17370,2013-10-07,3738,734,2013-09-17,4490,1972
2014-06-20,20664,12152,2014-10-27,2726,1154,2013-08-14,4086,494,2014-06-20,12682,3586,2014-04-22,468,218,2014-01-15,5886,78,2014-10-28,298,116,2013-12-16,3418,3120,2014-09-29,120,8878,2014-08-28,44,4,2014-10-31,3470,488,2013-10-24,118,326,2014-08-22,6,120,2014-10-02,288,240,2014-07-17,866,690,2014-09-22,1172,2192,2013-10-04,950,1958,2013-09-16,1144,1486
2014-06-19,3666,5270,2014-10-24,8246,1252,2013-08-13,1086,88,2014-06-19,33764,4084,2014-04-21,278,128,2014-01-14,1728,286,2014-10-27,420,94,2013-12-13,11550,14544,2014-09-26,58,590,2014-08-27,28,12,2014-10-30,384,190,2013-10-23,14,0,2014-08-21,126,36,2014-10-01,3870,970,2014-07-16,1528,2208,2014-09-19,7816,1068,2013-10-03,1288,1322,2013-09-13,2738,1236
2014-06-18,5484,5958,2014-10-23,18458,3720,2013-08-12,2220,396,2014-06-18,3262,1386,2014-04-17,44,162,2014-01-13,590,118,2014-10-24,1392,172,2013-12-12,8012,5906,2014-09-25,296,4054,2014-08-26,2,18,2014-10-29,70,612,2013-10-21,20,0,2014-08-20,174,280,2014-09-30,170,116,2014-07-15,3954,826,2014-09-18,3848,780,2013-10-02,4952,5432,2013-09-12,5226,4126
2014-06-17,2834,7002,2014-10-22,2786,1524,2013-08-09,328,282,2014-06-17,1598,1658,2014-04-16,120,54,2014-01-10,860,334,2014-10-23,714,126,2013-12-11,1218,2022,2014-09-24,48,22,2014-08-25,4,30,2014-10-28,660,868,2013-10-18,28,10,2014-08-19,264,0,2014-09-29,516,186,2014-07-14,2192,1318,2014-09-17,3108,1554,2013-10-01,1334,1186,2013-09-11,1790,3530
2014-06-16,24826,11332,2014-10-21,6706,1656,2013-08-08,2360,2296,2014-06-16,1422,1578,2014-04-15,358,118,2014-01-09,5258,290,2014-10-22,682,58,2013-12-10,7236,9820,2014-09-23,1600,3488,2014-08-21,42,28,2014-10-27,3324,2526,2013-10-16,18,0,2014-08-18,7342,198,2014-09-26,636,326,2014-07-11,3198,4808,2014-09-16,2758,1584,2013-09-30,2140,3678,2013-09-10,16764,1586
2014-06-13,3850,1394,2014-10-20,28138,2656,2013-08-07,2324,1652,2014-06-13,2226,2620,2014-04-14,300,276,2014-01-08,3578,152,2014-10-21,11434,264,2013-12-09,3102,38844,2014-09-22,746,4346,2014-08-20,42,72,2014-10-24,8166,1650,2013-10-15,110,2,2014-08-15,870,112,2014-09-25,534,478,2014-07-10,2034,1192,2014-09-15,2318,912,2013-09-27,1368,5302,2013-09-09,8926,6526
2014-06-12,8078,9472,2014-10-17,4110,634,2013-08-06,388,194,2014-06-12,1702,1288,2014-04-11,396,384,2014-01-07,626,12,2014-10-20,2350,790,2013-12-06,4312,6018,2014-09-19,1172,12888,2014-08-19,428,388,2014-10-23,5374,5234,2013-10-14,4,0,2014-08-14,12,88,2014-09-24,306,56,2014-07-09,9026,3998,2014-09-12,1766,920,2013-09-26,4318,1358,2013-09-06,6066,4662
2014-06-11,7542,11506,2014-10-16,4854,5200,2013-08-05,130,16,2014-06-11,1844,2204,2014-04-10,842,286,2014-01-06,322,378,2014-10-17,226,200,2013-12-05,3354,824,2014-09-18,392,3442,2014-08-18,32,34,2014-10-22,4356,2246,2013-10-09,6,2,2014-08-13,60,22,2014-09-23,432,714,2014-07-08,3618,5036,2014-09-11,1212,382,2013-09-25,2750,15066,2013-09-05,3076,3920
2014-06-10,5086,1854,2014-10-15,5124,2822,2013-08-02,374,32,2014-06-10,2812,1536,2014-04-09,1436,62,2014-01-03,500,26,2014-10-16,1588,784,2013-12-04,3198,1214,2014-09-17,2336,3856,2014-08-15,1060,274,2014-10-21,892,744,2013-10-08,10,102,2014-08-11,44,0,2014-09-22,1348,348,2014-07-07,12524,6750,2014-09-10,716,1164,2013-09-24,18924,8590,2013-09-04,5634,1002
2014-06-09,3350,4776,2014-10-14,2584,3704,2013-08-01,702,60,2014-06-09,3862,2656,2014-04-08,1608,88,2014-01-02,518,914,2014-10-15,170,86,2013-12-03,1836,3402,2014-09-16,104,38,2014-08-14,108,66,2014-10-20,526,942,2013-10-04,2,0,2014-08-08,12,0,2014-09-19,1234,420,2014-07-03,15908,22042,2014-09-09,2072,1654,2013-09-23,17080,1358,2013-09-03,7356,5508
2014-06-06,10372,4546,2014-10-13,2864,1948,2013-07-31,490,162,2014-06-06,8204,3050,2014-04-07,302,752,2013-12-31,296,120,2014-10-14,150,126,2013-12-02,2918,1164,2014-09-15,342,548,2014-08-13,6,120,2014-10-17,354,142,2013-10-01,4,34,2014-08-07,112,0,2014-09-18,1902,590,2014-07-02,4782,4308,2014-09-08,196,274,2013-09-20,4108,16732,2013-08-30,3676,2850
2014-06-05,6234,12242,2014-10-10,6276,7394,2013-07-30,358,68,2014-06-05,6030,976,2014-04-04,3008,876,2013-12-30,430,142,2014-10-13,350,400,2013-11-29,522,490,2014-09-11,1100,686,2014-08-12,88,8,2014-10-16,246,204,2013-09-30,20,0,2014-08-06,102,54,2014-09-17,804,218,2014-07-01,8392,1154,2014-09-05,744,232,2013-09-19,5526,2358,2013-08-29,17606,1080
2014-06-04,4846,6462,2014-10-09,2114,3638,2013-07-29,122,50,2014-06-04,31954,15172,2014-04-03,1866,754,2013-12-27,1234,132,2014-10-10,206,348,2013-11-27,1304,1668,2014-09-10,1792,9870,2014-08-11,46,0,2014-10-15,1470,1092,2013-09-27,4,68,2014-08-05,76,0,2014-09-16,456,50,2014-06-30,12884,6186,2014-09-04,652,248,2013-09-18,67516,26552,2013-08-28,578,754
2014-06-03,6278,14582,2014-10-08,6378,1432,2013-07-26,534,224,2014-06-03,2224,958,2014-04-02,660,1198,2013-12-26,112,156,2014-10-09,406,298,2013-11-26,10354,978,2014-09-09,282,2178,2014-08-08,62,24,2014-10-14,94,496,2013-09-26,20,0,2014-08-04,56,14,2014-09-15,570,238,2014-06-27,10480,3552,2014-09-03,248,632,2013-09-17,41822,43936,2013-08-27,5932,3718
2014-06-02,32558,16826,2014-10-07,1176,1134,2013-07-25,86,92,2014-06-02,6542,1594,2014-04-01,296,24,2013-12-24,168,102,2014-10-08,5756,1232,2013-11-25,1724,1404,2014-09-08,1036,20372,2014-08-07,338,688,2014-10-13,214,4272,2013-09-24,20,34,2014-08-01,934,44,2014-09-12,1082,552,2014-06-26,18492,11648,2014-09-02,326,164,2013-09-16,165914,20470,2013-08-26,1458,2228
2014-05-30,23376,25202,2014-10-06,4494,14936,2013-07-24,104,208,2014-05-30,3876,2320,2014-03-31,954,160,2013-12-23,424,210,2014-10-07,164,230,2013-11-22,2596,1048,2014-09-05,92,0,2014-08-06,112,202,2014-10-10,22,832,2013-09-20,244,168,2014-07-31,1214,156,2014-09-11,1036,652,2014-06-25,4814,2372,2014-08-29,458,312,2013-09-13,21584,7730,2013-08-23,4662,2338
2014-05-29,11548,12904,2014-10-03,1762,626,2013-07-23,226,314,2014-05-29,6814,1654,2014-03-28,896,880,2013-12-20,3190,106,2014-10-06,1062,366,2013-11-21,11894,2278,2014-09-04,1326,274,2014-08-05,270,134,2014-10-09,420,326,2013-09-19,8,0,2014-07-30,100,214,2014-09-10,9500,4374,2014-06-24,11436,3556,2014-08-28,458,290,2013-09-12,6114,3128,2013-08-22,1604,7654
2014-05-28,44564,39316,2014-10-02,2452,634,2013-07-22,312,54,2014-05-28,1364,2146,2014-03-27,818,186,2013-12-19,562,106,2014-10-03,3586,266,2013-11-20,2724,17700,2014-09-03,168,62,2014-08-04,156,86,2014-10-08,548,298,2013-09-17,104,0,2014-07-29,426,608,2014-09-09,234,168,2014-06-23,13978,4606,2014-08-27,1038,370,2013-09-11,1110,940,2013-08-21,5388,2536
2014-05-27,18630,11942,2014-10-01,3540,1228,2013-07-19,1060,186,2014-05-27,4670,2214,2014-03-26,3546,516,2013-12-18,280,56,2014-10-02,2224,250,2013-11-19,3914,1920,2014-09-02,158,112,2014-08-01,188,2342,2014-10-07,128,18,2013-09-16,26,0,2014-07-28,2206,2082,2014-09-08,612,392,2014-06-20,9612,7360,2014-08-26,500,330,2013-09-10,1994,1248,2013-08-20,3700,1832
2014-05-23,19670,11640,2014-09-30,1612,354,2013-07-18,180,4,2014-05-23,2290,3262,2014-03-25,256,458,2013-12-17,412,88,2014-10-01,4500,100,2013-11-18,3792,2812,2014-08-29,8,6,2014-07-31,164,106,2014-10-06,8556,4254,2013-09-13,2,20,2014-07-25,372,144,2014-09-05,792,478,2014-06-19,4654,2012,2014-08-25,1408,330,2013-09-09,1206,1316,2013-08-19,3848,1930
2014-05-22,14090,4908,2014-09-29,230,522,2013-07-17,142,122,2014-05-22,3180,4220,2014-03-24,456,964,2013-12-16,464,20,2014-09-30,4400,818,2013-11-15,2812,1842,2014-08-28,74,134,2014-07-30,884,706,2014-10-03,150,888,2013-09-12,20,42,2014-07-24,5438,112,2014-09-04,756,470,2014-06-18,5064,172,2014-08-22,1132,1512,2013-09-06,3426,822,2013-08-16,2202,3006
2014-05-21,2256,2502,2014-09-26,724,1144,2013-07-16,122,58,2014-05-21,3470,2100,2014-03-21,202,502,2013-12-13,828,112,2014-09-29,276,130,2013-11-14,5806,564,2014-08-27,1390,0,2014-07-29,1106,2974,2014-10-02,214,1472,2013-09-09,40,20,2014-07-23,70,6,2014-09-03,1634,702,2014-06-17,3356,7800,2014-08-21,3050,1010,2013-09-05,9828,1306,2013-08-15,20910,7514
2014-05-20,8884,7620,2014-09-25,690,732,2013-07-15,100,0,2014-05-20,1958,2566,2014-03-20,82,210,2013-12-12,336,8,2014-09-26,676,110,2013-11-13,2296,2886,2014-08-26,24,116,2014-07-28,550,1454,2014-10-01,260,3282,2013-09-04,68,52,2014-07-22,132,8,2014-09-02,780,78,2014-06-16,3312,1268,2014-08-20,2644,2046,2013-09-04,4370,576,2013-08-14,6844,1660
2014-05-19,4750,1632,2014-09-24,1326,570,2013-07-12,3260,116,2014-05-19,1926,15110,2014-03-19,62,166,2013-12-11,542,338,2014-09-25,364,210,2013-11-12,2810,2594,2014-08-25,74,20,2014-07-25,32,50,2014-09-30,6758,10926,2013-09-03,60,56,2014-07-21,44,4,2014-08-29,888,188,2014-06-13,3682,364,2014-08-19,6734,3216,2013-09-03,1530,416,2013-08-13,996,3754
2014-05-16,13178,11952,2014-09-23,1646,752,2013-07-11,326,78,2014-05-16,2384,4964,2014-03-18,196,74,2013-12-10,326,182,2014-09-24,9682,1270,2013-11-11,1842,468,2014-08-22,76,2,2014-07-24,768,186,2014-09-29,3096,7806,2013-08-30,6,0,2014-07-18,1726,14,2014-08-28,552,690,2014-06-12,1044,456,2014-08-18,628,2476,2013-08-30,16242,10274,2013-08-12,1190,436
2014-05-15,31050,21868,2014-09-22,1402,1670,2013-07-10,878,244,2014-05-15,7898,8328,2014-03-17,282,180,2013-12-09,1058,794,2014-09-23,632,372,2013-11-08,730,1166,2014-08-21,40,24,2014-07-23,98,244,2014-09-26,2230,2804,2013-08-29,18,12,2014-07-17,910,56,2014-08-27,1458,698,2014-06-11,614,642,2014-08-15,11628,2510,2013-08-29,10398,862,2013-08-09,1892,528
2014-05-14,5076,11346,2014-09-19,8290,798,2013-07-09,2678,4088,2014-05-14,8662,4020,2014-03-14,444,166,2013-12-06,518,190,2014-09-22,644,882,2013-11-07,3408,4586,2014-08-20,1020,48,2014-07-22,26,48,2014-09-25,128,2868,2013-08-27,6,40,2014-07-16,1584,0,2014-08-26,500,524,2014-06-10,1460,872,2014-08-14,346,462,2013-08-28,2870,1756,2013-08-08,596,802
2014-05-13,13208,17422,2014-09-18,1518,580,2013-07-08,394,116,2014-05-13,7760,3232,2014-03-13,504,3242,2013-12-05,222,186,2014-09-19,340,1554,2013-11-06,8822,4366,2014-08-19,1488,334,2014-07-21,2000,1002,2014-09-24,284,470,2013-08-26,110,4,2014-07-15,188,0,2014-08-25,490,182,2014-06-09,1164,552,2014-08-13,514,202,2013-08-27,4176,2800,2013-08-07,2522,648
2014-05-12,11796,11674,2014-09-17,11588,1010,2013-07-05,394,84,2014-05-12,3142,2406,2014-03-12,522,1342,2013-12-04,186,176,2014-09-18,38,192,2013-11-05,25400,9714,2014-08-18,336,22,2014-07-18,200,26866,2014-09-23,196,194,2013-08-23,356,850,2014-07-14,360,0,2014-08-22,520,586,2014-06-06,922,2780,2014-08-12,362,628,2013-08-26,22884,2442,2013-08-06,3374,1906
2014-05-09,5408,20624,2014-09-16,15222,884,2013-07-03,12,0,2014-05-09,38462,25414,2014-03-11,178,494,2013-12-03,338,242,2014-09-17,354,118,2013-11-04,14678,27494,2014-08-15,118,520,2014-07-17,46,12,2014-09-22,832,344,2013-08-22,202,270,2014-07-11,46,2,2014-08-21,428,266,2014-06-05,4384,1300,2014-08-11,604,360,2013-08-23,990,568,2013-08-05,11118,11264
2014-05-08,5082,2642,2014-09-15,2250,1788,2013-07-02,730,144,2014-05-08,33914,10932,2014-03-10,308,368,2013-12-02,3658,300,2014-09-16,1912,656,2013-11-01,8570,7438,2014-08-14,20,30,2014-07-16,2,2,2014-09-19,1372,618,2013-08-21,16,36,2014-07-10,232,0,2014-08-20,656,596,2014-06-04,832,680,2014-08-08,3320,966,2013-08-22,8612,572,2013-08-02,3110,3522
2014-05-07,6382,4482,2014-09-12,9008,650,2013-07-01,240,140,2014-05-07,43702,15636,2014-03-07,238,124,2013-11-29,2888,68,2014-09-15,148,170,2013-10-31,1384,850,2014-08-13,234,266,2014-07-15,32,0,2014-09-18,15464,706,2013-08-20,18,434,2014-07-09,138,0,2014-08-19,1654,1750,2014-06-03,1824,682,2014-08-07,1266,1288,2013-08-21,1886,1248,2013-08-01,3654,3710
2014-05-06,6410,8940,2014-09-11,938,1176,2013-06-28,986,68,2014-05-06,6070,2428,2014-03-06,144,98,2013-11-27,292,72,2014-09-12,104,34,2013-10-30,1940,2072,2014-08-12,20,118,2014-07-14,106,14,2014-09-17,146,344,2013-08-19,94,4,2014-07-08,362,36,2014-08-18,1116,1106,2014-06-02,2716,1584,2014-08-06,502,280,2013-08-20,6604,1052,2013-07-31,4702,1184
2014-05-05,1148,5018,2014-09-10,4068,138,2013-06-27,1188,18,2014-05-05,6716,1626,2014-03-05,78,382,2013-11-26,2312,302,2014-09-11,56,50,2013-10-29,290,786,2014-08-11,446,36,2014-07-11,234,200,2014-09-16,156,492,2013-08-16,20,0,2014-07-07,8,0,2014-08-15,2384,478,2014-05-30,4126,3634,2014-08-05,456,290,2013-08-19,7600,15340,2013-07-30,1326,2740
2014-05-02,14886,21808,2014-09-09,5252,1024,2013-06-26,448,54,2014-05-02,5944,3710,2014-03-04,278,148,2013-11-25,474,46,2014-09-10,394,336,2013-10-28,3906,850,2014-08-08,36,70,2014-07-10,190,16,2014-09-15,174,326,2013-08-15,18,0,2014-07-03,246,32,2014-08-14,5198,2018,2014-05-29,1806,1756,2014-08-04,836,154,2013-08-16,9510,3262,2013-07-29,856,644
2014-05-01,7404,6262,2014-09-08,6834,870,2013-06-25,208,78,2014-05-01,2962,3072,2014-03-03,208,182,2013-11-22,318,228,2014-09-09,520,860,2013-10-25,1006,3056,2014-08-07,316,8,2014-07-08,2,56,2014-09-12,124,264,2013-08-14,20,640,2014-07-02,174,40,2014-08-13,7286,3634,2014-05-28,3132,5936,2014-08-01,732,316,2013-08-15,17820,2172,2013-07-26,11662,5420
2014-04-30,2458,3290,2014-09-05,2400,750,2013-06-24,5468,698,2014-04-30,6096,3036,2014-02-28,138,92,2013-11-21,86,152,2014-09-08,5662,272,2013-10-24,2596,5516,2014-08-06,62,2,2014-07-07,6,300,2014-09-11,2,514,2013-08-13,2,40,2014-07-01,416,420,2014-08-12,4876,226,2014-05-27,10650,4882,2014-07-31,968,160,2013-08-14,1874,350,2013-07-25,2130,214
2014-04-29,13572,13308,2014-09-04,1900,1052,2013-06-21,1368,372,2014-04-29,3248,14746,2014-02-27,94,142,2013-11-20,698,264,2014-09-05,8806,206,2013-10-23,1394,1964,2014-08-05,212,38,2014-07-03,28,4,2014-09-10,84,360,2013-08-12,52,202,2014-06-30,2358,20,2014-08-11,1670,450,2014-05-23,6364,3318,2014-07-30,808,1556,2013-08-13,9258,1890,2013-07-24,254,2298
2014-04-28,11160,15576,2014-09-03,860,1346,2013-06-20,422,336,2014-04-28,14010,10254,2014-02-26,3068,18,2013-11-19,212,520,2014-09-04,330,76,2013-10-22,4542,1000,2014-08-04,528,310,2014-07-02,6,32,2014-09-09,142,874,2013-08-08,40,378,2014-06-27,430,36,2014-08-08,1686,546,2014-05-22,4712,4704,2014-07-29,2462,422,2013-08-12,5456,1636,2013-07-23,4324,4350
2014-04-25,13060,12444,2014-09-02,1744,196,2013-06-19,714,184,2014-04-25,5210,3898,2014-02-25,82,8,2013-11-18,874,636,2014-09-03,526,72,2013-10-21,11888,5760,2014-08-01,870,330,2014-07-01,120,1206,2014-09-08,56,846,2013-08-07,20,304,2014-06-26,2248,10,2014-08-07,2034,456,2014-05-21,11630,11380,2014-07-28,306,274,2013-08-09,502,388,2013-07-22,6326,1464
2014-04-24,6594,4594,2014-08-29,12346,894,2013-06-18,554,40,2014-04-24,9808,8654,2014-02-24,102,144,2013-11-15,7934,630,2014-09-02,1888,1736,2013-10-18,5662,3270,2014-07-31,478,1450,2014-06-30,238,290,2014-09-05,1140,154,2013-08-06,72,30,2014-06-25,284,34,2014-08-06,954,58,2014-05-20,30382,14488,2014-07-25,270,48,2013-08-08,976,1226,2013-07-19,8474,4312
2014-04-23,13592,25490,2014-08-28,2588,692,2013-06-17,358,144,2014-04-23,16076,7802,2014-02-21,176,36,2013-11-14,3742,1268,2014-08-29,62,64,2013-10-17,11442,3174,2014-07-30,150,280,2014-06-27,244,220,2014-09-04,1164,412,2013-08-05,108,0,2014-06-24,200,44,2014-08-05,942,296,2014-05-19,5334,3486,2014-07-24,932,164,2013-08-07,3266,1206,2013-07-18,11772,2400
2014-04-22,39848,36766,2014-08-27,3230,804,2013-06-14,228,54,2014-04-22,7820,8950,2014-02-20,188,454,2013-11-13,214,292,2014-08-28,292,678,2013-10-16,2316,1236,2014-07-29,2402,12862,2014-06-26,328,854,2014-09-03,208,700,2013-08-02,20,0,2014-06-23,820,26,2014-08-04,1294,536,2014-05-16,306,290,2014-07-23,3480,526,2013-08-06,1872,1988,2013-07-17,5510,1576
2014-04-21,16666,6374,2014-08-26,15184,872,2013-06-13,704,16,2014-04-21,10818,6146,2014-02-19,376,166,2013-11-12,180,64,2014-08-27,116,152,2013-10-15,3390,7898,2014-07-28,1224,576,2014-06-25,550,20,2014-09-02,3924,302,2013-08-01,130,32,2014-06-20,354,30,2014-08-01,8952,1672,2014-05-15,1276,3488,2014-07-22,228,318,2013-08-05,6948,5892,2013-07-16,51086,7260
2014-04-17,9996,2604,2014-08-25,17068,16384,2013-06-12,524,164,2014-04-17,38948,9226,2014-02-18,1408,406,2013-11-11,716,674,2014-08-26,316,56,2013-10-14,4304,1932,2014-07-25,5824,13160,2014-06-24,116,1962,2014-08-29,286,320,2013-07-31,62,0,2014-06-19,372,2,2014-07-31,2066,964,2014-05-14,128,292,2014-07-21,298,152,2013-08-02,3126,3048,2013-07-15,4442,2898
2014-04-16,7288,1446,2014-08-22,660,136,2013-06-11,630,74,2014-04-16,37056,20190,2014-02-14,180,60,2013-11-08,1810,2166,2014-08-25,376,78,2013-10-11,2644,7382,2014-07-24,2620,4376,2014-06-23,744,760,2014-08-28,190,180,2013-07-30,42,0,2014-06-18,432,68,2014-07-30,3156,988,2014-05-13,252,410,2014-07-18,916,566,2013-08-01,3144,528,2013-07-12,35842,18808
2014-04-15,13960,1118,2014-08-21,8396,2756,2013-06-10,454,14,2014-04-15,18034,2812,2014-02-13,548,210,2013-11-07,3566,1812,2014-08-22,88,56,2013-10-10,5000,3036,2014-07-23,14344,7348,2014-06-20,264,36,2014-08-27,96,538,2013-07-22,64,52,2014-06-17,244,62,2014-07-29,9794,7476,2014-05-12,604,492,2014-07-17,898,296,2013-07-31,834,930,2013-07-11,5862,5932
2014-04-14,8742,2450,2014-08-20,4130,406,2013-06-07,694,108,2014-04-14,9126,3716,2014-02-12,468,242,2013-11-06,1114,440,2014-08-21,672,148,2013-10-09,3424,1426,2014-07-22,2158,34,2014-06-19,6390,2034,2014-08-26,448,828,2013-07-19,4,44,2014-06-16,270,34,2014-07-28,2470,1340,2014-05-09,734,112,2014-07-16,680,782,2013-07-30,18156,1856,2013-07-10,842,1532
2014-04-11,16878,2058,2014-08-19,1552,384,2013-06-06,152,112,2014-04-11,14030,5398,2014-02-11,520,90,2013-11-05,274,920,2014-08-20,2272,3588,2013-10-08,2400,2388,2014-07-21,586,4,2014-06-18,104,96,2014-08-25,346,3050,2013-07-18,26,28,2014-06-13,340,26,2014-07-25,2412,524,2014-05-08,380,478,2014-07-15,702,682,2013-07-29,13344,2438,2013-07-09,6238,4072
2014-04-10,7962,1200,2014-08-18,5848,1020,2013-06-05,98,168,2014-04-10,3110,4418,2014-02-10,584,188,2013-11-04,184,30,2014-08-19,2728,322,2013-10-07,2564,894,2014-07-18,2034,274,2014-06-17,786,10,2014-08-22,78,68,2013-07-17,98,0,2014-06-12,440,72,2014-07-24,706,352,2014-05-07,174,690,2014-07-14,500,726,2013-07-26,8910,4166,2013-07-08,9530,5910
2014-04-09,1376,850,2014-08-15,2380,2630,2013-06-04,336,102,2014-04-09,2790,7430,2014-02-07,370,170,2013-11-01,70,140,2014-08-18,914,200,2013-10-04,412,566,2014-07-17,1492,54,2014-06-16,714,348,2014-08-21,28,40,2013-07-16,60,196,2014-06-11,142,50,2014-07-23,5388,1444,2014-05-06,2644,3406,2014-07-11,880,216,2013-07-25,602,686,2013-07-05,5456,460
2014-04-08,2082,1558,2014-08-14,398,632,2013-06-03,280,192,2014-04-08,9680,5846,2014-02-06,264,408,2013-10-31,526,154,2014-08-15,964,76,2013-10-03,1376,5384,2014-07-16,244,204,2014-06-13,218,450,2014-08-20,200,58,2013-07-15,6,0,2014-06-10,420,0,2014-07-22,1178,324,2014-05-05,60,374,2014-07-10,2102,874,2013-07-24,1032,760,2013-07-03,3074,732
2014-04-07,3044,3490,2014-08-13,1806,962,2013-05-31,3586,66,2014-04-07,5602,2892,2014-02-05,524,812,2013-10-30,174,112,2014-08-14,354,152,2013-10-02,1232,2042,2014-07-15,2300,0,2014-06-12,1734,8532,2014-08-19,402,80,2013-07-12,70,0,2014-06-09,564,282,2014-07-21,1116,384,2014-05-02,1258,3060,2014-07-09,2246,1644,2013-07-23,5298,4266,2013-07-02,10016,7194
2014-04-04,4632,1198,2014-08-12,334,598,2013-05-30,1732,30,2014-04-04,8928,3586,2014-02-04,4978,1486,2013-10-29,220,80,2014-08-13,160,176,2013-10-01,4274,1348,2014-07-14,40,6114,2014-06-11,1452,16860,2014-08-18,192,28,2013-07-11,66,0,2014-06-06,644,0,2014-07-18,2646,2306,2014-05-01,272,540,2014-07-08,1092,1256,2013-07-22,12534,7294,2013-07-01,24570,10594
2014-04-03,1158,258,2014-08-11,2966,1170,2013-05-29,1902,76,2014-04-03,29424,17658,2014-02-03,5438,664,2013-10-28,748,186,2014-08-12,218,268,2013-09-30,2846,1334,2014-07-11,152,56,2014-06-10,2670,6,2014-08-15,630,320,2013-07-10,2,0,2014-06-05,740,22,2014-07-17,794,264,2014-04-30,826,1522,2014-07-07,2734,422,2013-07-19,39334,12918,2013-06-28,24778,8720
2014-04-02,1796,810,2014-08-08,582,570,2013-05-28,1354,12,2014-04-02,1508,708,2014-01-31,1362,760,2013-10-25,382,496,2014-08-11,490,104,2013-09-27,1162,666,2014-07-10,182,134,2014-06-09,1336,116,2014-08-14,134,8,2013-07-09,2,44,2014-06-04,1372,84,2014-07-16,1796,118,2014-04-29,174,218,2014-07-03,382,290,2013-07-18,51230,10036,2013-06-27,47900,64230
2014-04-01,11040,7464,2014-08-07,686,302,2013-05-24,1326,24,2014-04-01,11282,2772,2014-01-30,8474,3250,2013-10-24,132,346,2014-08-08,1484,412,2013-09-26,2224,3222,2014-07-09,220,50,2014-06-06,13910,330,2014-08-13,82,24,2013-07-05,112,20,2014-06-03,9032,92,2014-07-15,2596,1278,2014-04-28,352,546,2014-07-02,1014,1362,2013-07-17,14076,11518,2013-06-26,6540,4792
2014-03-31,5892,5440,2014-08-06,2860,1956,2013-05-23,1380,1120,2014-03-31,3478,2004,2014-01-29,214,1720,2013-10-23,5138,1456,2014-08-07,50,86,2013-09-25,4854,3502,2014-07-08,246,12252,2014-06-05,208,2010,2014-08-12,108,0,2013-07-03,20,20,2014-06-02,19024,206,2014-07-14,1830,2714,2014-04-25,244,246,2014-07-01,3334,7374,2013-07-16,4972,712,2013-06-25,646,9698
2014-03-28,2994,2638,2014-08-05,1812,248,2013-05-22,2842,106,2014-03-28,8482,4986,2014-01-28,184,40,2013-10-22,1406,458,2014-08-06,560,292,2013-09-24,1616,2698,2014-07-07,282,166,2014-06-04,16,0,2014-08-11,104,40,2013-07-02,24,20,2014-05-30,106,0,2014-07-11,582,344,2014-04-24,486,406,2014-06-30,738,3068,2013-07-15,18966,5540,2013-06-24,1184,6840
2014-03-27,1148,1120,2014-08-04,1714,426,2013-05-21,400,126,2014-03-27,2504,2182,2014-01-27,326,1094,2013-10-21,2106,930,2014-08-05,892,236,2013-09-23,2846,4320,2014-07-03,20,220,2014-06-03,114,60,2014-08-08,1146,186,2013-07-01,62,238,2014-05-29,132,0,2014-07-10,1384,398,2014-04-23,584,268,2014-06-27,392,1306,2013-07-12,1612,2556,2013-06-21,12048,29544
2014-03-26,4278,2786,2014-08-01,2048,6052,2013-05-20,528,408,2014-03-26,2946,1524,2014-01-24,24,174,2013-10-18,3816,400,2014-08-04,1278,656,2013-09-20,1850,996,2014-07-02,124,0,2014-06-02,8,52,2014-08-07,318,136,2013-06-28,4,4,2014-05-28,2,20,2014-07-09,384,274,2014-04-22,480,132,2014-06-26,684,4086,2013-07-11,5788,11934,2013-06-20,1656,2288
2014-03-25,2568,1912,2014-07-31,2472,632,2013-05-17,2186,252,2014-03-25,3850,1414,2014-01-23,32,380,2013-10-17,2980,678,2014-08-01,2592,3286,2013-09-19,2664,2970,2014-07-01,1566,2,2014-05-30,376,84,2014-08-06,2392,324,2013-06-27,22,90,2014-05-27,18,42,2014-07-08,1208,554,2014-04-21,1250,288,2014-06-25,1144,2178,2013-07-10,3576,1468,2013-06-19,1392,1404
2014-03-24,1158,1950,2014-07-30,288,1078,2013-05-16,1994,142,2014-03-24,3352,2848,2014-01-22,4,196,2013-10-16,1960,646,2014-07-31,722,1774,2013-09-18,10562,11780,2014-06-30,88,16,2014-05-29,16,12,2014-08-05,1106,22,2013-06-26,100,10,2014-05-23,118,0,2014-07-07,2716,650,2014-04-17,392,600,2014-06-24,1872,2828,2013-07-09,14578,20484,2013-06-18,4668,1726
2014-03-21,7520,4088,2014-07-29,3798,810,2013-05-15,594,408,2014-03-21,18726,6718,2014-01-21,164,360,2013-10-15,388,1082,2014-07-30,4364,532,2013-09-17,2148,1262,2014-06-27,48,0,2014-05-28,38,202,2014-08-04,24,32,2013-06-25,244,12,2014-05-22,1316,18,2014-07-03,848,182,2014-04-16,1306,1390,2014-06-23,3972,3760,2013-07-08,4390,23432,2013-06-17,11926,22100
2014-03-20,2564,460,2014-07-28,6798,2392,2013-05-14,1204,242,2014-03-20,5286,3134,2014-01-17,206,486,2013-10-14,274,202,2014-07-29,2300,272,2013-09-16,3334,2662,2014-06-26,74,88,2014-05-27,50,70,2014-08-01,554,3312,2013-06-21,114,100,2014-05-21,134,0,2014-07-02,2056,448,2014-04-15,1082,782,2014-06-20,10304,1662,2013-07-05,1304,1000,2013-06-14,19566,8810
2014-03-19,2698,1792,2014-07-25,15292,10942,2013-05-13,398,162,2014-03-19,1438,2122,2014-01-16,134,32,2013-10-11,1334,300,2014-07-28,4304,1480,2013-09-13,2574,606,2014-06-25,604,58,2014-05-23,40,20,2014-07-31,238,214,2013-06-20,6,12,2014-05-20,60,0,2014-07-01,866,470,2014-04-14,338,2080,2014-06-19,1306,1074,2013-07-03,2524,2902,2013-06-13,1104,622
2014-03-18,4134,484,2014-07-24,13588,15548,2013-05-10,938,714,2014-03-18,11048,4138,2014-01-15,184,120,2013-10-10,462,292,2014-07-25,324,16,2013-09-12,5400,1452,2014-06-24,156,234,2014-05-22,158,4,2014-07-30,1956,130,2013-06-19,4,6,2014-05-19,38,48,2014-06-30,1408,918,2014-04-11,568,3286,2014-06-18,284,1422,2013-07-02,5000,20046,2013-06-12,286,278
2014-03-17,1712,886,2014-07-23,30870,22820,2013-05-09,420,34,2014-03-17,15326,7236,2014-01-14,106,80,2013-10-09,236,506,2014-07-24,218,370,2013-09-11,10852,3096,2014-06-23,490,98,2014-05-21,76,0,2014-07-29,268,606,2013-06-18,72,6,2014-05-16,72,14,2014-06-27,2298,1002,2014-04-10,364,440,2014-06-17,704,324,2013-07-01,1828,2056,2013-06-11,1574,1666
2014-03-14,480,160,2014-07-22,3706,6238,2013-05-08,614,76,2014-03-14,9236,4240,2014-01-13,46,70,2013-10-08,608,406,2014-07-23,1448,694,2013-09-10,4412,1494,2014-06-20,314,532,2014-05-20,218,36,2014-07-28,2642,1168,2013-06-17,6,24,2014-05-15,288,0,2014-06-26,1744,464,2014-04-09,316,302,2014-06-16,1842,366,2013-06-28,368,2040,2013-06-10,1126,436
2014-03-13,830,1926,2014-07-21,7070,1270,,2014-03-13,3880,2098,2014-01-10,158,28,2013-10-07,694,226,2014-07-22,1640,156,2013-09-09,10618,3862,2014-06-19,8270,1808,2014-05-19,304,14,2014-07-25,5612,5000,2013-06-13,118,30,2014-05-14,44,16,2014-06-25,1096,850,2014-04-08,198,324,2014-06-13,2974,256,2013-06-27,6932,4144,2013-06-07,398,202
2014-03-12,2130,2230,2014-07-18,3586,1312,,2014-03-12,12404,2708,2014-01-09,318,42,2013-10-04,1994,286,2014-07-21,1476,88,2013-09-06,1334,754,2014-06-18,6830,272,2014-05-16,3170,12,2014-07-24,3508,1056,2013-06-11,30,40,2014-05-13,96,28,2014-06-24,1602,1594,2014-04-07,874,1186,2014-06-12,4308,770,2013-06-26,5386,1338,2013-06-06,3242,2244
2014-03-11,8024,7988,2014-07-17,1554,820,,2014-03-11,2568,6500,2014-01-08,188,72,2013-10-03,3684,512,2014-07-18,2390,198,2013-09-05,2448,2744,2014-06-17,1740,240,2014-05-15,36,574,2014-07-23,884,494,2013-06-10,62,20,2014-05-12,86,80,2014-06-23,3256,460,2014-04-04,1152,998,2014-06-11,254,216,2013-06-25,3348,1316,2013-06-05,14328,4628
2014-03-10,3366,760,2014-07-16,2340,330,,2014-03-10,1300,6764,2014-01-07,52,24,2013-10-02,146,44,2014-07-17,344,96,2013-09-04,274,1502,2014-06-16,122,0,2014-05-14,2008,1012,2014-07-22,342,262,2013-06-07,114,2,2014-05-09,196,20,2014-06-20,1852,2726,2014-04-03,462,1248,2014-06-10,1032,696,2013-06-24,6940,1346,2013-06-04,11250,1038
2014-03-07,2038,924,2014-07-15,1156,750,,2014-03-07,17876,2812,2014-01-06,66,162,2013-10-01,80,38,2014-07-16,496,1136,2013-09-03,830,1204,2014-06-13,32,84,2014-05-13,156,16,2014-07-21,1588,4404,2013-06-06,30,42,2014-05-08,118,108,2014-06-19,1392,2038,2014-04-02,1012,958,2014-06-09,10816,1958,2013-06-21,4278,4320,2013-06-03,6356,2354
2014-03-06,1072,562,2014-07-14,3006,238,,2014-03-06,23570,14644,2014-01-03,936,30,2013-09-30,802,356,2014-07-15,1990,1080,2013-08-30,788,1332,2014-06-12,2298,5142,2014-05-12,264,20,2014-07-18,1336,3868,2013-06-05,20,242,2014-05-07,48,20,2014-06-18,1158,1154,2014-04-01,1456,2576,2014-06-06,514,326,2013-06-20,3034,5292,2013-05-31,476,952
2014-03-05,558,1044,2014-07-11,3020,316,,2014-03-05,2168,1988,2014-01-02,474,66,2013-09-27,134,190,2014-07-14,406,1500,2013-08-29,1430,1962,2014-06-11,4250,36,2014-05-09,118,156,2014-07-17,370,256,2013-06-04,86,36,2014-05-06,56,34,2014-06-17,1730,502,2014-03-31,3344,566,2014-06-05,446,346,2013-06-19,2364,10624,2013-05-30,1976,144
2014-03-04,2180,3396,2014-07-10,754,218,,2014-03-04,11032,6616,2013-12-31,134,68,2013-09-26,296,166,2014-07-11,238,148,2013-08-28,3230,1398,2014-06-10,134,250,2014-05-08,270,76,2014-07-16,200,152,2013-06-03,1048,132,2014-05-05,9134,32,2014-06-16,1040,324,2014-03-28,302,548,2014-06-04,356,628,2013-06-18,9882,2002,2013-05-29,270,924
2014-03-03,1428,970,2014-07-09,2384,356,,2014-03-03,15238,5550,2013-12-30,102,28,2013-09-25,180,204,2014-07-10,156,270,2013-08-27,5918,1772,2014-06-09,778,46,2014-05-07,336,864,2014-07-15,764,260,2013-05-31,100,200,2014-05-02,80,36,2014-06-13,796,400,2014-03-27,264,442,2014-06-03,332,354,2013-06-17,113076,8226,2013-05-28,2976,1412
2014-02-28,1688,570,2014-07-08,1986,304,,2014-02-28,5388,1614,2013-12-27,4200,250,2013-09-24,434,254,2014-07-09,246,96,2013-08-26,3090,3364,2014-06-06,760,118,2014-05-06,194,612,2014-07-14,246,630,2013-05-30,240,0,2014-05-01,458,24,2014-06-12,790,346,2014-03-26,924,1046,2014-06-02,1076,460,2013-06-14,44444,30318,2013-05-24,1092,336
2014-02-27,1722,532,2014-07-07,2526,608,,2014-02-27,10034,3524,2013-12-26,272,84,2013-09-23,550,298,2014-07-08,430,176,2013-08-23,3794,1202,2014-06-05,8980,240,2014-05-05,492,462,2014-07-11,106,20,2013-05-29,4,4,2014-04-30,896,46,2014-06-11,1836,278,2014-03-25,4770,2778,2014-05-30,1174,1148,2013-06-13,51472,56316,2013-05-23,1106,250
2014-02-26,8336,5522,2014-07-03,602,180,,2014-02-26,32706,1900,2013-12-24,22,22,2013-09-20,4336,222,2014-07-07,260,156,2013-08-22,1836,822,2014-06-04,2264,96,2014-05-02,584,292,2014-07-10,246,58,2013-05-28,24,74,2014-04-29,1022,0,2014-06-10,882,2478,2014-03-24,838,900,2014-05-29,396,328,2013-06-12,1350,2094,2013-05-22,440,1102
2014-02-25,580,492,2014-07-02,576,1020,,2014-02-25,9068,2748,2013-12-23,96,102,2013-09-19,6764,260,2014-07-03,474,706,2013-08-21,8882,4198,2014-06-03,316,16,2014-05-01,258,36,2014-07-09,246,150,2013-05-24,4,40,2014-04-28,274,20,2014-06-09,3948,524,2014-03-21,2912,534,2014-05-28,464,1104,2013-06-11,1804,2262,2013-05-21,264,320
2014-02-24,2106,1698,2014-07-01,5964,220,,2014-02-24,14242,16920,2013-12-20,462,524,2013-09-18,958,360,2014-07-02,2464,2644,2013-08-20,1580,1436,2014-06-02,194,8,2014-04-30,1802,778,2014-07-08,1126,1798,2013-05-23,60,4,2014-04-25,32,30,2014-06-06,1724,972,2014-03-20,272,222,2014-05-27,806,708,2013-06-10,2290,1514,2013-05-20,1652,424
2014-02-21,9544,3578,2014-06-30,4606,476,,2014-02-21,10526,5620,2013-12-19,386,286,2013-09-17,744,120,2014-07-01,548,310,2013-08-19,25108,2816,2014-05-30,684,106,2014-04-29,860,274,2014-07-07,1626,5972,2013-05-22,86,82,2014-04-24,30,4,2014-06-05,1282,312,2014-03-19,1556,380,2014-05-23,304,114,2013-06-07,1192,1478,2013-05-17,1546,802
2014-02-20,1336,588,2014-06-27,16720,326,,2014-02-20,8648,7440,2013-12-18,110,112,2013-09-16,1524,582,2014-06-30,1510,1426,2013-08-16,1878,5596,2014-05-29,1762,70,2014-04-28,946,8,2014-07-03,102,160,2013-05-21,22,30,2014-04-22,14,50,2014-06-04,1790,980,2014-03-18,1112,326,2014-05-22,842,212,2013-06-06,2834,1874,2013-05-16,5784,1568
2014-02-19,12312,340,2014-06-26,1924,746,,2014-02-19,31686,5570,2013-12-17,14,2,2013-09-13,500,658,2014-06-27,424,32,2013-08-15,1426,2222,2014-05-28,2654,296,2014-04-25,54,8,2014-07-02,244,3922,2013-05-20,40,50,2014-04-21,302,0,2014-06-03,1336,1326,2014-03-17,248,416,2014-05-21,778,890,2013-06-05,5488,760,2013-05-15,1972,666
2014-02-18,4652,790,2014-06-25,6058,874,,2014-02-18,12120,2576,2013-12-16,6,20,2013-09-12,34,88,2014-06-26,238,132,2013-08-14,810,2380,2014-05-27,142,206,2014-04-24,70,66,2014-07-01,94,2032,,2014-04-17,1208,0,2014-06-02,2420,1226,2014-03-14,428,256,2014-05-20,556,660,2013-06-04,1252,656,2013-05-14,1504,2270
2014-02-14,1662,192,2014-06-24,1566,1668,,2014-02-14,72636,7556,2013-12-13,8,18,2013-09-11,2150,230,2014-06-25,130,1178,2013-08-13,2226,1866,2014-05-23,832,236,2014-04-23,98,6,2014-06-30,96,400,,2014-04-16,22,12,2014-05-30,2568,652,2014-03-13,3872,538,2014-05-19,2226,2006,2013-06-03,4490,8104,2013-05-13,428,262
2014-02-13,1030,722,2014-06-23,5086,750,,2014-02-13,7748,1322,2013-12-12,72,20,2013-09-10,136,2880,2014-06-24,1088,1256,2013-08-12,868,1360,2014-05-22,456,132,2014-04-22,76,0,2014-06-27,208,148,,2014-04-15,104,48,2014-05-29,780,738,2014-03-12,3218,654,2014-05-16,522,292,2013-05-31,756,2712,2013-05-10,88,140
2014-02-12,1506,628,2014-06-20,6062,602,,2014-02-12,26078,14448,2013-12-11,44,222,2013-09-09,218,48,2014-06-23,742,236,2013-08-09,17634,1064,2014-05-21,6884,46,2014-04-21,112,20,2014-06-26,38,58,,2014-04-14,30,24,2014-05-28,1014,1022,2014-03-11,916,1746,2014-05-15,266,160,2013-05-30,1462,1492,2013-05-09,430,836
2014-02-11,2268,1216,2014-06-19,18712,1172,,2014-02-11,53544,8520,2013-12-10,368,4,2013-09-06,1240,1472,2014-06-20,1332,478,2013-08-08,15484,1818,2014-05-20,248,94,2014-04-17,158,100,2014-06-25,76,130,,2014-04-11,64,0,2014-05-27,2426,586,2014-03-10,1674,420,2014-05-14,870,316,2013-05-29,502,610,2013-05-08,974,4858
2014-02-10,3130,14830,2014-06-18,4248,800,,2014-02-10,6176,3852,2013-12-09,56,28,2013-09-05,66,70,2014-06-19,232,262,2013-08-07,1624,574,2014-05-19,4132,348,2014-04-16,20,0,2014-06-24,236,40,,2014-04-10,6,0,2014-05-23,6982,1542,2014-03-07,1964,572,2014-05-13,520,872,2013-05-28,916,1376,
2014-02-07,2370,824,2014-06-17,10962,1148,,2014-02-07,67444,9204,2013-12-06,82,278,2013-09-04,412,80,2014-06-18,940,504,2013-08-06,2870,1262,2014-05-16,7600,2648,2014-04-15,214,2,2014-06-23,332,96,,2014-04-09,566,50,2014-05-22,748,508,2014-03-06,3464,724,2014-05-12,66,322,2013-05-24,1254,3070,
2014-02-06,1392,642,2014-06-16,7228,650,,2014-02-06,25942,3306,2013-12-05,138,46,2013-09-03,2190,394,2014-06-17,312,124,2013-08-05,5346,1270,2014-05-15,256,186,2014-04-14,124,34,2014-06-20,220,38,,2014-04-08,20,0,2014-05-21,2180,492,2014-03-05,10942,4356,2014-05-09,690,436,2013-05-23,12830,9212,
2014-02-05,3950,3784,2014-06-13,1216,230,,2014-02-05,6046,4776,2013-12-04,106,104,2013-08-30,472,236,2014-06-16,278,116,2013-08-02,5184,2428,2014-05-14,222,246,,2014-06-19,218,56,,2014-04-07,26,0,2014-05-20,1264,88,2014-03-04,19690,16766,2014-05-08,630,590,2013-05-22,3190,2686,
2014-02-04,7772,6306,2014-06-12,300,296,,2014-02-04,25864,5960,2013-12-03,126,424,2013-08-29,60,618,2014-06-13,310,232,2013-08-01,33908,21812,2014-05-13,5190,164,,2014-06-18,264,4,,2014-04-04,344,24,2014-05-19,1372,702,2014-03-03,14756,2714,2014-05-07,100,134,2013-05-21,3486,2214,
2014-02-03,3744,1832,2014-06-11,852,800,,2014-02-03,8632,7064,2013-12-02,232,92,2013-08-28,106,54,2014-06-12,436,1836,2013-07-31,8120,7494,2014-05-12,538,1564,,2014-06-17,164,134,,2014-04-03,84,20,2014-05-16,2116,2350,2014-02-28,1362,1522,2014-05-06,160,80,2013-05-20,2804,8266,
